fecha,temperatura,precipitacion,humedad,presion,viento,bloqueo,estacion
2025-11-18 18:56:45.972291,13.65016312882113,6.958838629792888,75.22424296554173,1009.1401497796742,0.2488880182994438,0,Ayacucho
2025-11-17 18:56:45.972301,20.523425896915633,44.29837102575393,72.32092254155425,1009.935419635585,5.054517701435271,1,Ayacucho
2025-11-16 18:56:45.972303,18.871428147545593,16.14448604964427,89.29927429468033,1006.2989676439356,0.5778180257941368,0,Ayacucho
2025-11-15 18:56:45.972304,14.336280722065105,24.442438038906683,73.17890744477619,1005.0564302751867,2.332955392619167,0,Ayacucho
2025-11-14 18:56:45.972305,21.339083833908404,0.9163111185932534,78.00890829399702,1017.6091503139093,1.2085119661515933,0,Ayacucho
2025-11-13 18:56:45.972307,21.293753618334964,2.6916024185565073,65.71304129629014,1019.16214440203,6.223237449837807,0,Ayacucho
2025-11-12 18:56:45.972308,19.98340443775238,12.148024438719972,83.59582046425386,1009.5198637490133,0.6218037312654451,0,Ayacucho
2025-11-11 18:56:45.972309,18.75457956611894,31.077857546511083,58.666515545375916,1008.021024299236,0.628482365917175,1,Ayacucho
2025-11-10 18:56:45.972309,15.334909663422692,1.761342872843584,79.45477976694735,1011.2269379033166,0.3680928269043713,0,Ayacucho
2025-11-09 18:56:45.972311,19.7937390645219,2.2519132661266847,70.72011590717618,1003.8151888286876,4.531605264879871,0,Ayacucho
2025-11-08 18:56:45.972312,20.425649580551667,0.7395565783675637,53.8611381903155,1022.5622135910296,6.9663622134077805,0,Ayacucho
2025-11-07 18:56:45.972312,19.948820749554734,3.5526806319657336,56.68220630982489,1012.5883435998488,1.3776787004646514,0,Ayacucho
2025-11-06 18:56:45.972313,20.82539548209822,0.6416738662039131,69.84384401616488,1006.0525219647624,2.9449823553788117,0,Ayacucho
2025-11-05 18:56:45.972314,14.244845774339144,23.397833329381378,68.38877924446793,1008.542480542244,1.6728059174154977,0,Ayacucho
2025-11-04 18:56:45.972315,15.793764135398224,21.758911369125865,65.94635574174622,1011.2769951490135,0.06465402402428717,0,Ayacucho
2025-11-03 18:56:45.972316,16.73045980695461,29.68563364547473,78.90631437385495,1009.6100427406517,6.211138850653153,1,Ayacucho
2025-11-02 18:56:45.972317,21.034972144228814,10.236970910117451,88.77723598645987,1006.5604357733336,1.0663456741570783,0,Ayacucho
2025-11-01 18:56:45.972318,12.220740026009858,3.804794189484624,90.69786264249593,1003.5014340993773,8.23337464191607,0,Ayacucho
2025-10-31 18:56:45.972319,22.92651677252677,0.36591654362187664,59.123407081193406,1014.6202737108457,3.0895713853965905,0,Ayacucho
2025-10-30 18:56:45.972320,20.490962252591416,1.6447996964596494,47.81366110645011,1013.7715490465397,4.2244302703632775,0,Ayacucho
2025-10-29 18:56:45.972321,25.52146238797728,0.3438404173462606,58.03513004764824,1002.3615688478,7.34377404984896,0,Ayacucho
2025-10-28 18:56:45.972321,22.47817140285511,3.8677976665182707,35.17011575973769,1010.1365322423226,0.6406907569003987,0,Ayacucho
2025-10-27 18:56:45.972322,21.9857125430112,1.3175014321478962,61.60041044267091,1009.6792276331737,0.06246162606421931,0,Ayacucho
2025-10-26 18:56:45.972323,19.879268292279445,2.1740676492247992,62.72397462262905,1013.7397355732178,0.3424389869660777,0,Ayacucho
2025-10-25 18:56:45.972324,22.4653906320469,1.130870310222707,54.31591989298099,1012.8848014570641,9.444110619357778,0,Ayacucho
2025-10-24 18:56:45.972325,19.283728562863722,5.321105028385884,50.500346390721305,1006.1176407692407,1.0848404044642304,0,Ayacucho
2025-10-23 18:56:45.972326,28.303634141120142,2.6857370320563096,53.929498252710985,1015.0953217528609,2.5897541423933905,0,Ayacucho
2025-10-22 18:56:45.972327,20.955517641442587,10.572240514395721,77.06416874240834,1013.5990092098009,11.031321824655485,0,Ayacucho
2025-10-21 18:56:45.972328,16.969562027822384,2.728508971552658,55.65558615042576,1007.6200113042247,0.966752787935332,0,Ayacucho
2025-10-20 18:56:45.972329,24.836706907816904,0.13386260836021915,60.807206697197024,1005.1077596180833,10.964878697972358,0,Ayacucho
2025-10-19 18:56:45.972329,24.639412211346077,1.2339010187973338,58.282736224284335,1013.0159095739148,2.567617364417534,0,Ayacucho
2025-10-18 18:56:45.972330,22.486268008736648,3.6691554032312155,49.81436799692756,1005.9979142381782,3.311041913405278,0,Ayacucho
2025-10-17 18:56:45.972331,22.313346545654788,2.857197334776072,63.77957001134133,1010.1474617617139,2.8462849787410867,0,Ayacucho
2025-10-16 18:56:45.972332,17.72517392135779,2.287928166087058,56.726448931906006,1006.3049632452897,11.23861043318222,0,Ayacucho
2025-10-15 18:56:45.972333,26.962069645508066,0.8394923538567612,55.34729346103751,1006.8184372650074,1.3373522297468055,0,Ayacucho
2025-10-14 18:56:45.972334,28.84309263691123,1.1623860715806775,46.888591321022915,1012.9775238884046,1.7868001415202333,0,Ayacucho
2025-10-13 18:56:45.972335,19.321281791368744,0.3830245759056884,57.63817791978302,1014.9536780079402,7.09147521564494,0,Ayacucho
2025-10-12 18:56:45.972335,20.34053746885779,0.890468038064763,38.72986514311065,1002.6410333391544,7.80060308544893,0,Ayacucho
2025-10-11 18:56:45.972336,24.923132081054003,0.7619494536486034,57.024234545999605,1016.1395928101108,0.5399430749313187,0,Ayacucho
2025-10-10 18:56:45.972337,22.305881702961724,0.9219151561392513,47.14088680169723,1005.2659681418943,0.3079775465881007,0,Ayacucho
2025-10-09 18:56:45.972338,21.45178548015658,3.293782294974779,62.918411824485695,1010.5305555322104,3.0237710180314563,0,Ayacucho
2025-10-08 18:56:45.972339,20.65721757901499,2.5685533426541163,75.24234000619916,1016.9690059049418,5.788300861661346,0,Ayacucho
2025-10-07 18:56:45.972340,25.967419895638503,8.742468762918065,36.89965915937278,1006.3582802522039,0.5048701697320839,0,Ayacucho
2025-10-06 18:56:45.972341,24.180949053490856,0.8865981807110482,55.901543693439145,1014.7507198384786,1.8470350066657752,0,Ayacucho
2025-10-05 18:56:45.972341,22.531576223415147,0.3991913495051003,51.27860643338423,1002.5299664242717,2.2932108725537867,0,Ayacucho
2025-10-04 18:56:45.972342,22.774439252779686,0.5335572699180343,39.50687073846139,1005.3977011321975,0.06572293273852894,0,Ayacucho
2025-10-03 18:56:45.972343,22.969527507560453,0.551308335691466,59.8474869787497,1004.9845453692099,2.2088421883675577,0,Ayacucho
2025-10-02 18:56:45.972344,25.762732650453597,5.136798865726232,53.98710583894956,1010.1983732467028,5.834340893649337,0,Ayacucho
2025-10-01 18:56:45.972345,18.488836827702418,0.5943845355742676,37.53547989041462,1007.6143270695401,0.8519794409522082,0,Ayacucho
2025-09-30 18:56:45.972346,23.46385747227758,2.7223716130811093,66.34425887342893,999.2531938939337,6.600279340340492,0,Ayacucho
2025-09-29 18:56:45.972346,22.120715178750817,1.9150163480595717,63.75272793990505,1010.0820745342555,0.4811371843821922,0,Ayacucho
2025-09-28 18:56:45.972347,21.208710146644613,1.589560827778369,56.32962069118773,1012.791529696764,0.02167898894713972,0,Ayacucho
2025-09-27 18:56:45.972348,22.766113775328076,2.093074712265143,52.6969984734425,1013.4060965175814,4.5539718979618,0,Ayacucho
2025-09-26 18:56:45.972349,21.72824223923015,2.526293542516278,73.47612189343144,1011.1046984245427,1.4777542446663299,0,Ayacucho
2025-09-25 18:56:45.972350,20.396354266197154,4.126129668157632,48.378623770058184,1006.7026964175699,1.4981072405684233,0,Ayacucho
2025-09-24 18:56:45.972351,22.185349006265294,0.41416931094803927,58.8754042335441,1012.3031985978704,0.1138787029249659,0,Ayacucho
2025-09-23 18:56:45.972352,22.470070765800482,1.7897520289192763,57.99276332585812,1006.5485042449594,1.1093909432742066,0,Ayacucho
2025-09-22 18:56:45.972353,26.158284580335295,0.7593794592424952,48.8212241973226,1005.6549088389177,1.3485495875641007,0,Ayacucho
2025-09-21 18:56:45.972354,20.590782764721354,11.236406682192529,52.012298381602704,1007.2525600106906,0.23145099219686388,0,Ayacucho
2025-09-20 18:56:45.972355,24.783022623065662,0.6866571192219624,62.06528686189357,1006.419809488307,0.8659876580560208,0,Ayacucho
2025-09-19 18:56:45.972355,24.505955444611082,1.148065287121862,54.70140195893822,1007.9737754161685,1.0807340726206975,0,Ayacucho
2025-09-18 18:56:45.972356,23.228389678552293,0.5131902153451223,58.35507868979259,1006.0925622951942,7.8705368092473975,0,Ayacucho
2025-09-17 18:56:45.972357,22.852467322929144,0.1980918781080449,50.31332589490715,993.8489653205728,0.11627690920783587,0,Ayacucho
2025-09-16 18:56:45.972358,24.819832490063195,2.3922023285550114,37.13835261751406,1014.3392116550477,2.322377888958274,0,Ayacucho
2025-09-15 18:56:45.972359,27.42935679312819,2.827439449545106,49.23593098174866,1006.3440416673419,2.4305750613692125,0,Ayacucho
2025-09-14 18:56:45.972361,21.706616041745104,3.026111626246196,39.75968737458416,1005.8500336803262,5.083749341747448,0,Ayacucho
2025-09-13 18:56:45.972362,21.63285931299847,0.49098999922206826,62.72178183943518,1010.379538068217,1.6004001405254349,0,Ayacucho
2025-09-12 18:56:45.972363,20.4749875804305,0.14141554918440882,64.18312050201094,1009.9486573572533,1.749745994075853,0,Ayacucho
2025-09-11 18:56:45.972363,29.46703633410027,4.2296537934442044,52.6422051773169,1005.9279397321357,1.527909277033884,0,Ayacucho
2025-09-10 18:56:45.972364,20.47016158861932,2.870427531625647,53.23150939139363,1012.3104287089908,0.3570692872017404,0,Ayacucho
2025-09-09 18:56:45.972365,18.575804940311752,0.3180903500965175,51.86805001927608,1012.3421240844332,0.10330743326234626,0,Ayacucho
2025-09-08 18:56:45.972366,27.033101656782403,0.6379616470188453,57.98855579282677,1015.9774166166147,5.176952733395336,0,Ayacucho
2025-09-07 18:56:45.972367,23.855056553166374,0.239620713738859,42.74006447332538,1006.1703955215555,0.9606817196248402,0,Ayacucho
2025-09-06 18:56:45.972368,20.387492614833715,7.893049341918966,55.549376569952386,1006.0085854707669,1.8264465103557543,0,Ayacucho
2025-09-05 18:56:45.972368,25.187970606734034,0.28149166791203784,65.84595714505663,1015.2743257203149,10.20133594600206,0,Ayacucho
2025-09-04 18:56:45.972369,27.06086656033969,0.3977927579116091,56.40085565411203,1014.5339816152978,1.6100663899208603,0,Ayacucho
2025-09-03 18:56:45.972370,24.44221395422946,1.279542026840147,67.85352316834837,1022.9091575523906,1.1317448710661622,0,Ayacucho
2025-09-02 18:56:45.972372,16.79055519997497,0.1384519327936593,46.786875433008,1008.2467739050479,1.198552477949582,0,Ayacucho
2025-09-01 18:56:45.972373,22.353237612159756,0.3052689136932305,45.55220194471826,1011.7346608485147,0.9584312896865343,0,Ayacucho
2025-08-31 18:56:45.972419,17.411208625951062,0.7903300758068255,48.024503467196276,1005.9781383984903,0.37422009531560413,0,Ayacucho
2025-08-30 18:56:45.972422,16.987279569422448,4.7724399934349595,62.295379075490935,1012.0519220181867,0.4552031419568191,0,Ayacucho
2025-08-29 18:56:45.972422,20.917169048878524,1.06014629811916,85.1994284516035,1017.1763481516462,0.042220143043025904,0,Ayacucho
2025-08-28 18:56:45.972423,26.026450189053147,4.270429494826937,36.35821184422288,1010.7905079491487,5.444082592006461,0,Ayacucho
2025-08-27 18:56:45.972424,25.74305914723909,2.0217874140900003,54.0160791388683,1009.3464487506549,1.5460008582346472,0,Ayacucho
2025-08-26 18:56:45.972425,22.983709578666453,4.044272829685023,52.12004950858837,1011.6338935265625,7.97059129077377,0,Ayacucho
2025-08-25 18:56:45.972426,25.845647607504315,5.675974092143701,68.78887232366323,1014.6171588725467,0.8620004421732506,0,Ayacucho
2025-08-24 18:56:45.972427,22.09065235091285,1.2903827319612566,33.79799285588069,1001.8550571878952,0.6418881565780158,0,Ayacucho
2025-08-23 18:56:45.972427,27.94861192634347,1.915422129607924,59.44444345966198,1010.6838696542984,0.2802734785064549,0,Ayacucho
2025-08-22 18:56:45.972428,25.712659404782002,0.15935024434594527,33.72957345073108,1011.6686080560837,1.3187486017690164,0,Ayacucho
2025-08-21 18:56:45.972473,25.768577977419337,3.173203973934817,65.67661670930676,1009.7884897046071,1.0098882683908987,0,Ayacucho
2025-08-20 18:56:45.972476,18.029923590297354,1.8885572382226201,52.64972676125804,1009.3493225116555,0.5119957090066528,0,Ayacucho
2025-08-19 18:56:45.972477,23.780224557886285,0.3337376969930953,46.81751336264537,1014.5726628375708,7.301327483502166,0,Ayacucho
2025-08-18 18:56:45.972478,27.14143482221445,0.5036857930898089,54.32425983910711,1019.0012979045115,5.015040872741077,0,Ayacucho
2025-08-17 18:56:45.972481,22.84521644767734,3.460343113646491,64.28873426426405,1004.4206259524449,3.0183933212164957,0,Ayacucho
2025-08-16 18:56:45.972482,21.530301084635898,0.763203172401233,60.907690464877916,1007.3578626449661,0.8310935911389322,0,Ayacucho
2025-08-15 18:56:45.972483,20.364873111134163,3.1017553690356583,47.94008648231041,1005.6021379933102,0.38376887823372197,0,Ayacucho
2025-08-14 18:56:45.972484,20.34727546063174,3.358946968655224,50.52678325900574,1002.076244870019,0.2332625472484544,0,Ayacucho
2025-08-13 18:56:45.972485,26.021222381512835,2.344451811336957,63.74590405504995,1008.7832494393798,4.5812485038403326,0,Ayacucho
2025-08-12 18:56:45.972485,25.800543553639933,1.3107331828183397,67.26508957399577,1015.2890274213783,2.657218869932157,0,Ayacucho
2025-08-11 18:56:45.972486,23.222829570770628,12.830797186029814,52.42846499581982,1010.931765445893,1.3946172299008661,0,Ayacucho
2025-08-10 18:56:45.972487,21.084850806062775,3.9604500509329768,53.6439459992794,1006.165679548626,5.17891421420595,0,Ayacucho
2025-08-09 18:56:45.972488,21.642349777987757,1.4130875152650493,48.832779012301685,1010.0189019289677,2.139728478102357,0,Ayacucho
2025-08-08 18:56:45.972489,18.29555329749124,1.3401057045953422,63.18205530215918,1007.4783292041263,2.9241937618819573,0,Ayacucho
2025-08-07 18:56:45.972490,27.00762528468291,0.41060123244287405,64.68168893783123,1006.0880251710951,5.743762917257703,0,Ayacucho
2025-08-06 18:56:45.972491,17.596118453893663,7.777407753918505,61.75719774238171,1005.54596945142,3.1591044622198066,0,Ayacucho
2025-08-05 18:56:45.972492,20.098772243491187,2.092845153063938,54.1749853577233,1003.5288051368481,2.4984391047265024,0,Ayacucho
2025-08-04 18:56:45.972493,22.098437780203522,1.5460438702452457,66.04480985504023,1007.4605695186652,1.9008912364698036,0,Ayacucho
2025-08-03 18:56:45.972493,19.522859998730784,5.175388078051105,43.42512381512424,1011.7085622168092,3.559858598820862,0,Ayacucho
2025-08-02 18:56:45.972494,23.788101532409655,1.1420132764587125,56.86965291231116,1013.495791423632,0.2578099433090832,0,Ayacucho
2025-08-01 18:56:45.972496,20.948019214692604,0.15330671691102202,43.54339286562066,1007.8061189975219,0.3852862690894488,0,Ayacucho
2025-07-31 18:56:45.972497,23.300983557912524,0.6261876701734765,51.552845490324565,1011.2178704131193,2.7666707156773462,0,Ayacucho
2025-07-30 18:56:45.972498,17.464913959703036,1.8616760220504083,49.83285169929498,1006.3673326977041,1.4701677866108454,0,Ayacucho
2025-07-29 18:56:45.972499,25.789616446872632,2.278542794918175,63.54744209387847,1006.8300355135268,1.1527905198144195,0,Ayacucho
2025-07-28 18:56:45.972500,18.173011281170155,0.6321525485633244,60.84963156091758,1010.2705352232387,0.8319056512508796,0,Ayacucho
2025-07-27 18:56:45.972501,21.725294639005565,2.7354430647798584,47.99708105563486,1015.3233421322612,0.11885248428475584,0,Ayacucho
2025-07-26 18:56:45.972501,24.752603833893243,0.4274048468562875,58.081884833084054,1011.8933411804258,0.0043958792323695725,0,Ayacucho
2025-07-25 18:56:45.972502,23.741273526420258,0.9318018846872413,50.658634722219375,1000.5561129421156,0.9953253256887618,0,Ayacucho
2025-07-24 18:56:45.972503,21.184167896425866,0.8114837549981258,47.23408590227304,1011.4813204732363,1.5220660441059244,0,Ayacucho
2025-07-23 18:56:45.972504,21.18647952739366,0.09317247070374789,64.41057279950276,1010.9166494393124,1.5118253918933782,0,Ayacucho
2025-07-22 18:56:45.972505,18.302844035387498,3.647079722397069,55.716090391512644,1001.289631734363,9.076012421596324,0,Ayacucho
2025-07-21 18:56:45.972506,25.180357742072417,0.6781104480727885,55.236763255907974,1019.251134125781,2.2567116309420134,0,Ayacucho
2025-07-20 18:56:45.972507,19.766309630044493,0.7594436622990165,66.85397623300783,1022.4397540751464,2.0133414791654562,0,Ayacucho
2025-07-19 18:56:45.972508,22.50725208493354,3.0054819538351287,67.30563930207842,999.2803719169144,0.010319756471594006,0,Ayacucho
2025-07-18 18:56:45.972509,23.016650499765426,2.309475297864193,35.90672908869812,1008.8015817952473,3.0906600472389867,0,Ayacucho
2025-07-17 18:56:45.972510,18.367051180824188,1.57926945086753,57.99227591847053,1009.7422071198458,1.617329734199075,0,Ayacucho
2025-07-16 18:56:45.972511,21.166527004146516,4.198029415206571,54.51522323996399,1015.8381646648747,1.4467811777856794,0,Ayacucho
2025-07-15 18:56:45.972512,17.72668307979863,1.854587781313895,57.36324014930732,1008.3919914738374,0.3775444490386146,0,Ayacucho
2025-07-14 18:56:45.972512,16.539176905061538,8.642194400525176,50.378807676203074,1010.0944758945053,4.576115912493969,0,Ayacucho
2025-07-13 18:56:45.972513,24.358654343529302,1.4847997384564862,65.17823359928562,1011.1393850097749,8.547527763406581,0,Ayacucho
2025-07-12 18:56:45.972515,22.098755514148316,0.10771634969791746,38.40055403997512,1015.1635097598909,0.16119197747366035,0,Ayacucho
2025-07-11 18:56:45.972516,14.540246613874523,1.7630275699643152,57.87482246033544,1006.1052580822998,0.4055590193173523,0,Ayacucho
2025-07-10 18:56:45.972517,17.88017787728044,2.8887830922957876,46.284799295009286,1008.0671491030811,0.23566772223308183,0,Ayacucho
2025-07-09 18:56:45.972518,21.89380785509405,2.8307316276538845,60.385356080046904,1017.5876715738833,3.762956008647768,0,Ayacucho
2025-07-08 18:56:45.972519,22.34091296965397,1.1633472503840556,37.22881911888393,999.393498497279,2.5686033632031813,0,Ayacucho
2025-07-07 18:56:45.972519,24.56080514816832,1.3945757074661433,59.654865136224664,1010.4309938934127,1.6631713706416247,0,Ayacucho
2025-07-06 18:56:45.972520,22.745856513171297,1.7977442412558753,54.240379009156094,1006.9056491142774,14.569398367344533,0,Ayacucho
2025-07-05 18:56:45.972521,21.263980252994223,1.0447661974273783,52.529177765300396,1006.1915756814476,2.5828470984665683,0,Ayacucho
2025-07-04 18:56:45.972522,22.16985401341732,0.7511800929434062,52.00271888248422,1004.0036490410712,3.72355822917579,0,Ayacucho
2025-07-03 18:56:45.972523,22.97425685078535,2.3111693142639353,49.39958804201299,1014.8320182979295,2.540267504010565,0,Ayacucho
2025-07-02 18:56:45.972524,22.98388826886042,2.5629279875418693,52.28160063724333,1009.3421697864305,4.198958153714559,0,Ayacucho
2025-07-01 18:56:45.972525,25.175886074866845,2.6590698436979445,40.14473036781112,998.2472665344519,2.613508763927923,0,Ayacucho
2025-06-30 18:56:45.972526,20.63699675816487,4.233699736698612,63.0533572761322,1011.5140975119621,2.501448892737666,0,Ayacucho
2025-06-29 18:56:45.972527,22.448583491583314,0.2110075186193273,66.11494749919986,1001.9241233485444,3.842585427214177,0,Ayacucho
2025-06-28 18:56:45.972528,21.084351385383247,1.3041993108589987,52.31473570645733,1010.1709487056036,1.8656028791044057,0,Ayacucho
2025-06-27 18:56:45.972529,14.512997590507648,0.4126131926098982,49.316876686867346,1006.9920052933097,2.723936253542919,0,Ayacucho
2025-06-26 18:56:45.972530,23.71949466294881,4.443533102918977,66.29412201341333,1013.8576118664479,4.731562034260535,0,Ayacucho
2025-06-25 18:56:45.972531,20.95906826447802,2.808622066816206,50.60127222937101,1008.003419571425,2.7733188215133104,0,Ayacucho
2025-06-24 18:56:45.972531,24.323737574471444,0.9260155406991465,38.484552384389055,1009.2767446646077,3.2156204526534973,0,Ayacucho
2025-06-23 18:56:45.972532,23.64510116760123,1.31260209186739,60.33703257632018,1020.0332865959386,0.9583083473824294,0,Ayacucho
2025-06-22 18:56:45.972534,25.114648445966175,8.286798411759996,57.29450191535217,1015.3381987268933,2.635848496616826,0,Ayacucho
2025-06-21 18:56:45.972535,18.858904201700433,0.6722517429578941,47.82556604894206,1009.7001954992206,5.375392833106029,0,Ayacucho
2025-06-20 18:56:45.972536,23.723315230820635,3.3789368769236314,60.35143238514725,1011.2149338092972,10.94469794907331,0,Ayacucho
2025-06-19 18:56:45.972537,24.6280720055223,0.6082512883790501,60.08905383423439,1002.8674006931075,3.4094455109301975,0,Ayacucho
2025-06-18 18:56:45.972538,18.708139810245665,3.3942533386057594,44.44861844769643,1016.3070933514624,1.8539374111525568,0,Ayacucho
2025-06-17 18:56:45.972538,20.474519828158847,1.444723541406814,43.65918816968498,1009.6645421087387,16.033671905382,1,Ayacucho
2025-06-16 18:56:45.972539,25.014591304085073,1.0516751714177395,71.33372479797946,1004.7381388759972,5.519815317610156,0,Ayacucho
2025-06-15 18:56:45.972540,23.040325925445448,0.6530684532769082,49.45412291265386,1006.3570189938903,2.3219861067346983,0,Ayacucho
2025-06-14 18:56:45.972541,19.30970379314539,0.28527700411203233,67.01232254038288,1007.4685919506205,3.871412722425031,0,Ayacucho
2025-06-13 18:56:45.972542,25.41859004678405,1.5640438316934704,66.16860358705898,1008.8906071916147,0.784994603812425,0,Ayacucho
2025-06-12 18:56:45.972543,19.27424591499756,5.60221384670398,62.151660977718045,1012.0953018400729,1.295634127125754,0,Ayacucho
2025-06-11 18:56:45.972544,20.484319217655365,1.122341236876094,74.09748802236123,1007.6563190550664,0.6810272658275779,0,Ayacucho
2025-06-10 18:56:45.972545,21.182679055207398,1.7586304286396197,45.498719948265595,1017.0182537511727,0.3121791098469579,0,Ayacucho
2025-06-09 18:56:45.972552,19.747244852403885,2.8391889686467335,63.41360735244155,1010.3123284632663,0.22147396900372207,0,Ayacucho
2025-06-08 18:56:45.972558,23.539378873800832,5.692165334462558,53.96390056578853,1008.5486145266389,1.3032707188883232,0,Ayacucho
2025-06-07 18:56:45.972559,25.465937684572626,1.77173856113615,56.09078191622207,1007.0892419308857,0.314685850610229,0,Ayacucho
2025-06-06 18:56:45.972560,21.14843297466578,0.10735879434837486,45.03927481996944,1014.2791083076066,2.1092429225391163,0,Ayacucho
2025-06-05 18:56:45.972561,23.783701931153587,0.7258918666410573,52.93085019241081,1010.9298147169891,1.2519139011276386,0,Ayacucho
2025-06-04 18:56:45.972562,17.54701827780224,0.4062262989235256,51.0550798512845,1015.6001830793386,2.4526612071558844,0,Ayacucho
2025-06-03 18:56:45.972563,22.28501836870464,0.019647678154716262,69.54033674013941,1005.5892757167154,2.39668506967843,0,Ayacucho
2025-06-02 18:56:45.972564,24.81254053352062,0.9425753866166243,58.111445561724025,1019.9539824319161,1.6383581407363408,0,Ayacucho
2025-06-01 18:56:45.972565,24.43409426058923,0.43455406330980656,42.273357939252094,1002.2365598161279,2.0300403821680417,0,Ayacucho
2025-05-31 18:56:45.972566,25.529382973923422,1.515742816273741,39.80193442003413,1006.926838877863,3.142307918034805,0,Ayacucho
2025-05-30 18:56:45.972567,22.820519383256496,1.644487474245277,56.5926987102613,1012.5064837547085,1.5736889798238711,0,Ayacucho
2025-05-29 18:56:45.972569,20.769733618549786,2.8166854390343055,56.40633237630487,1013.2177320036212,3.8372162578661566,0,Ayacucho
2025-05-28 18:56:45.972570,20.59164283117846,0.1973827233576345,50.943886169726824,1009.3082814632769,0.8359390948736387,0,Ayacucho
2025-05-27 18:56:45.972571,21.45890651712789,1.118648719766009,40.550707973776824,1005.7656985197881,2.797126754177566,0,Ayacucho
2025-05-26 18:56:45.972572,19.59897224219093,8.28613411237542,63.644981184730185,1001.7596609747851,2.8437397253761607,0,Ayacucho
2025-05-25 18:56:45.972573,23.557839161100343,4.417567583013155,51.347415807399216,1010.0475885681616,8.750817614332181,0,Ayacucho
2025-05-24 18:56:45.972574,26.77075770009173,0.14298198872582887,55.34641338977271,1005.4223206815451,0.06419638288334349,0,Ayacucho
2025-05-23 18:56:45.972574,26.79720346889763,2.186828214838213,51.092842917532884,1015.1021840329179,1.0270866286049714,0,Ayacucho
2025-05-22 18:56:45.972575,28.544603918648274,4.170732167538407,50.384173827924954,1004.7015349337731,1.193675463413809,0,Ayacucho
2025-05-21 18:56:45.972576,23.02741507393559,5.543995202625924,61.46353234727252,1002.5821695024127,1.6310694065236113,0,Ayacucho
2025-05-20 18:56:45.972577,26.743840756954164,1.033867214837092,33.38715066995005,1020.6912061835383,0.7009199429972307,0,Ayacucho
2025-05-19 18:56:45.972578,22.031656273291148,0.061671242385782865,45.84834833977884,1014.9385551885053,5.97465448025539,0,Ayacucho
2025-05-18 18:56:45.972579,22.39675875259515,2.30672140736909,39.93232410196728,1012.9978870056876,0.18025923318411022,0,Ayacucho
2025-05-17 18:56:45.972580,25.181839963272296,1.974346320474081,42.88032850112823,1008.9118659429524,0.04330278274125345,0,Ayacucho
2025-05-16 18:56:45.972581,20.459146954357635,7.226120453846993,67.88657331738574,1007.2320417854655,0.48237393436443343,0,Ayacucho
2025-05-15 18:56:45.972581,20.9243385236763,0.866570498071045,61.07150395761225,1003.1785889895708,1.089629326870796,0,Ayacucho
2025-05-14 18:56:45.972582,23.230450115202213,2.3882575503191394,65.8525935813652,1005.4078184030985,1.2545028203932205,0,Ayacucho
2025-05-13 18:56:45.972583,25.362207604714342,2.272279860098149,74.51539589180089,999.5087696470448,4.02277723809401,0,Ayacucho
2025-05-12 18:56:45.972584,23.37833962852052,0.7779297737409212,58.089292306074235,1008.5856946256876,2.2768635452459964,0,Ayacucho
2025-05-11 18:56:45.972585,17.692141729096853,1.0384966796590334,50.98501663348846,1016.8915998313809,6.062227955348463,0,Ayacucho
2025-05-10 18:56:45.972586,22.17671891740847,2.4731486111855894,37.95410113311216,1015.2496220090042,2.456509609185844,0,Ayacucho
2025-05-09 18:56:45.972587,22.942747957399774,2.514926127913469,79.17608499280554,1012.5379320838639,4.10143948140686,0,Ayacucho
2025-05-08 18:56:45.972587,22.73857760284561,0.9615545185176876,73.4862628646066,1016.8307436811031,3.4146557414268233,0,Ayacucho
2025-05-07 18:56:45.972588,19.647761056341068,1.5245158168065507,35.21423721830594,1010.7044902047827,5.581431458077837,0,Ayacucho
2025-05-06 18:56:45.972589,19.332851260045565,0.09666393258461425,49.56822552904674,1006.0094242145149,0.07472215478902468,0,Ayacucho
2025-05-05 18:56:45.972590,23.813455527416288,0.45235635992343676,38.7434896705613,1004.7839338103645,1.9111884551163207,0,Ayacucho
2025-05-04 18:56:45.972591,22.241827486390626,2.3480870429144143,56.392275961298125,1008.1848452104343,1.871130553717252,0,Ayacucho
2025-05-03 18:56:45.972592,23.949118000237483,1.968303822715369,39.193078992885276,1011.1488385438594,1.1802221601598835,0,Ayacucho
2025-05-02 18:56:45.972593,19.478247655963393,1.1405567267219154,60.67462843731279,1010.9313868000462,3.254561896753957,0,Ayacucho
2025-05-01 18:56:45.972594,18.261561395847863,2.577780194525972,50.29049021600377,1008.6384224519056,3.3099790683567862,0,Ayacucho
2025-04-30 18:56:45.972595,29.273939962099046,3.929829982826994,71.14379004496132,1012.3755033519353,2.899991371243409,0,Ayacucho
2025-04-29 18:56:45.972596,22.87605034935796,0.49332507378258134,58.064119160219974,1020.2671323595953,1.910614941734222,0,Ayacucho
2025-04-28 18:56:45.972597,15.709616844494551,1.0577204600469126,67.29108231695845,1015.7561718748466,0.26862439972253815,0,Ayacucho
2025-04-27 18:56:45.972598,23.65933534965628,0.6293539694144301,49.8566199528704,1001.5589805005885,4.533273482703132,0,Ayacucho
2025-04-26 18:56:45.972599,22.908907769627298,3.6941208373419783,56.40077521651381,1012.586766267209,0.6911708414846242,0,Ayacucho
2025-04-25 18:56:45.972600,22.049673560468317,0.797628160615415,42.22523229958085,1011.0254195559683,16.897261971955757,1,Ayacucho
2025-04-24 18:56:45.972601,20.936119248585758,0.3969678739790212,53.060551232439316,1006.8020182261491,0.10507545527577139,0,Ayacucho
2025-04-23 18:56:45.972602,19.680849061214133,1.312739909245733,73.85836815331328,1008.9889790767434,1.460850074890351,0,Ayacucho
2025-04-22 18:56:45.972603,15.736484443500094,3.478490601646348,52.354481235173864,1003.2761540363114,0.18888982568156681,0,Ayacucho
2025-04-21 18:56:45.972604,24.452013757074333,5.551099947642155,37.09133534703901,1011.5436010851455,0.7210565528716399,0,Ayacucho
2025-04-20 18:56:45.972609,19.222628079372168,1.3589896406222424,57.46840398440782,1014.2850672128691,2.8836252165863447,0,Ayacucho
2025-04-19 18:56:45.972610,14.367145808494113,0.4947535574271657,60.098651282548104,1012.8087485442218,6.229895209459183,0,Ayacucho
2025-04-18 18:56:45.972611,22.869158661662276,0.8201048697798026,69.85501177465837,1010.3532827834326,4.4880500240896115,0,Ayacucho
2025-04-17 18:56:45.972612,24.886732502137495,2.3663506488242714,81.7628050316963,1008.8439823528544,0.542721618859324,0,Ayacucho
2025-04-16 18:56:45.972613,24.734948961618123,4.449211616845902,61.892670120377,1013.6465824910842,1.947024102527355,0,Ayacucho
2025-04-15 18:56:45.972614,18.339707800756777,7.578253249241383,45.95164689029377,1007.2481517093098,0.39997854430362545,0,Ayacucho
2025-04-14 18:56:45.972615,24.428481393621432,4.635153272418604,57.82914477256351,1002.8353651414512,9.726693260726236,0,Ayacucho
2025-04-13 18:56:45.972616,22.441709924042286,3.3524114419550015,47.158201962530136,1008.8309960902006,1.7760867296401437,0,Ayacucho
2025-04-12 18:56:45.972616,23.5608107669807,2.1258685041740057,51.034071803336765,1016.8234446567815,0.1624653308852715,0,Ayacucho
2025-04-11 18:56:45.972617,18.279582485881622,0.3069945719197164,56.01389106357315,1012.3117685012602,6.665837238768981,0,Ayacucho
2025-04-10 18:56:45.972618,21.255537158204632,0.09718295081070001,76.22607812916937,1001.619421659838,3.491116134526315,0,Ayacucho
2025-04-09 18:56:45.972619,26.657132587648185,0.07766270693856962,64.24885604501324,1002.5627413524927,0.8489820118838438,0,Ayacucho
2025-04-08 18:56:45.972620,19.126151116427522,10.880564712005889,51.40789004965583,1002.5144552578112,2.236397746104218,0,Ayacucho
2025-04-07 18:56:45.972621,22.392130006906925,3.7307617575334415,54.538488394195895,1003.8278990125086,10.077358895794294,0,Ayacucho
2025-04-06 18:56:45.972621,27.863388737919617,0.19295389168212246,52.41112001202772,1020.0533469083953,3.4926371798396163,0,Ayacucho
2025-04-05 18:56:45.972622,18.862709393657173,0.6490470923186337,63.26285336698722,1012.9283347803046,0.11556659756126593,0,Ayacucho
2025-04-04 18:56:45.972623,22.39756037373231,0.8088543214732034,65.10598464497605,1006.8133389484759,2.5737388378105086,0,Ayacucho
2025-04-03 18:56:45.972624,24.13575025073752,1.0652657558328091,46.76760583664967,1003.4578176387805,1.168149055433354,0,Ayacucho
2025-04-02 18:56:45.972625,21.17800320188591,1.566631553612032,64.47288575765575,1002.4608314337617,0.07551705047707408,0,Ayacucho
2025-04-01 18:56:45.972626,21.350058478787496,4.309587451152795,45.60784637629736,1008.8581021584257,1.2671077166364846,0,Ayacucho
2025-03-31 18:56:45.972627,17.087969323481428,20.899225915098466,66.84776342577558,1009.2368243001973,6.208455612312692,0,Ayacucho
2025-03-30 18:56:45.972628,17.02186020771024,12.097529605410779,70.86125712508559,1016.2538004259775,2.824675280249987,0,Ayacucho
2025-03-29 18:56:45.972629,19.034483112842427,3.3477759420988082,72.58779759977693,1002.4477762060332,0.9539095609421107,0,Ayacucho
2025-03-28 18:56:45.972630,22.268711580022703,44.26461713030688,71.55674492287874,1005.6101499194551,0.9549329777137565,1,Ayacucho
2025-03-27 18:56:45.972631,18.96557604741087,34.390661457342446,72.5021191950772,1016.1190905289544,3.3936116845598816,1,Ayacucho
2025-03-26 18:56:45.972632,11.474495980574051,7.330339155102939,88.71411901629693,1017.8926828976042,4.693457623882761,0,Ayacucho
2025-03-25 18:56:45.972633,16.39468805382043,28.634762366205315,80.51807261838542,1008.1107958499404,5.404175028387106,1,Ayacucho
2025-03-24 18:56:45.972634,12.953765000132218,14.659818783883017,67.7831644334939,1011.6306589975806,0.3745671581005875,0,Ayacucho
2025-03-23 18:56:45.972635,16.808723740086815,16.67828153155682,77.3919321065104,1009.3948598777283,2.4460749457466955,0,Ayacucho
2025-03-22 18:56:45.972635,17.415256256544943,2.288160487853554,84.13262868413675,1012.0405703019419,2.1074908059494515,0,Ayacucho
2025-03-21 18:56:45.972636,10.553045340217002,8.4111267936586,81.65786144430805,1016.9180657280134,5.263099759426288,0,Ayacucho
2025-03-20 18:56:45.972637,16.258607451454512,1.87760595192792,83.60746490454937,1009.1892694009883,5.022284555710908,0,Ayacucho
2025-03-19 18:56:45.972638,18.03024723323585,17.546457043449784,78.8680051952776,1008.1583418022481,0.9360989246415437,0,Ayacucho
2025-03-18 18:56:45.972639,18.48539087545203,2.666493755744448,83.36633450511563,1005.0488427987807,3.2193373871628603,0,Ayacucho
2025-03-17 18:56:45.972640,18.870763750347912,16.594872154758168,84.6163474422315,1006.8334304291159,12.626544335407655,0,Ayacucho
2025-03-16 18:56:45.972641,16.543851301995023,0.0937199795900107,84.02941530822014,1010.1588806431566,0.22938582504358263,0,Ayacucho
2025-03-15 18:56:45.972642,20.323924849710778,11.462825207344503,80.00757427633978,1012.2177591677302,2.0672298224801464,0,Ayacucho
2025-03-14 18:56:45.972643,18.606555368535666,13.325454484903556,63.352074233870724,1013.6655143493291,13.242378614192443,0,Ayacucho
2025-03-13 18:56:45.972643,17.931937424600473,5.7341710352226825,63.17073546409269,1002.9315972234157,7.292244900138602,0,Ayacucho
2025-03-12 18:56:45.972644,21.552533038027516,36.20398439854418,61.07729227411285,1021.2173256565171,0.3832961464506064,1,Ayacucho
2025-03-11 18:56:45.972645,16.160259547835985,11.234226432667981,80.5911259898956,1009.0878540206302,2.838582488090961,0,Ayacucho
2025-03-10 18:56:45.972646,16.159208244614064,23.837512072775837,69.41555534230874,1004.1616025029608,0.4071439832542021,0,Ayacucho
2025-03-09 18:56:45.972647,14.800388277218019,0.8135730376426701,86.08184470183035,999.8787351614922,4.201487802987573,0,Ayacucho
2025-03-08 18:56:45.972648,16.721006631838925,3.0972057842953307,67.12828957163158,1000.9344264968278,2.06874181800518,0,Ayacucho
2025-03-07 18:56:45.972649,20.80888424403153,22.434555121809534,72.53128112009902,1008.266904246369,3.4056169758717596,0,Ayacucho
2025-03-06 18:56:45.972650,15.021323780117086,40.148069745776525,82.5682875260841,1000.2764882012694,0.0525558899675206,1,Ayacucho
2025-03-05 18:56:45.972651,20.03892176770932,25.120163587618027,60.61593832754474,999.9176669562204,1.3926783122909316,1,Ayacucho
2025-03-04 18:56:45.972652,15.503080458089634,11.517936925283,91.55982084372357,1008.7637203157384,0.029476865669209117,0,Ayacucho
2025-03-03 18:56:45.972653,19.326066556411387,8.956286830702162,66.4524590869461,1015.451934025315,1.9611394622922405,0,Ayacucho
2025-03-02 18:56:45.972654,9.991276872531458,38.53449006027765,68.4381292339773,1009.4498423201429,2.559494809286763,1,Ayacucho
2025-03-01 18:56:45.972655,18.165779890839747,4.570280636604494,96.61126714733429,1014.9370932608881,18.183942455928356,1,Ayacucho
2025-02-28 18:56:45.972656,23.243602727222207,1.0093019569719437,74.34942057206437,1011.8957381462474,1.6416209384896552,0,Ayacucho
2025-02-27 18:56:45.972657,18.520160696400204,7.641991407995482,78.79696472549125,996.6162228265099,0.8953479090192975,0,Ayacucho
2025-02-26 18:56:45.972657,21.257101098502776,79.37684510773269,88.48264756014434,1006.2844017936651,1.1137844905718206,1,Ayacucho
2025-02-25 18:56:45.972658,11.973151419227701,1.2453457603488611,81.75600087689592,1010.7982639366485,5.307213914347782,0,Ayacucho
2025-02-24 18:56:45.972659,18.832555536004772,47.087002884401585,67.04436511110332,1009.6215057396653,2.9881721562975496,1,Ayacucho
2025-02-23 18:56:45.972660,18.406523353428085,25.650586750203278,93.20677336168346,1012.2265786618428,2.5079884440189844,1,Ayacucho
2025-02-22 18:56:45.972662,17.3946132852291,14.554192852230738,65.45718462783807,1007.5211318333888,0.12741540734560367,0,Ayacucho
2025-02-21 18:56:45.972663,15.927313123861552,18.19210539341977,94.17384962680862,1005.6346639875084,0.5039468065377307,0,Ayacucho
2025-02-20 18:56:45.972664,20.395983762606917,28.81328564033811,78.8248687505201,1016.1991059609422,4.12674166506112,1,Ayacucho
2025-02-19 18:56:45.972664,19.903144487866005,3.1282790186467135,78.52313702142435,1016.1571415336998,0.06937119907108909,0,Ayacucho
2025-02-18 18:56:45.972665,16.15176292029972,14.637954480454429,76.03735575425675,1006.8396792540593,3.23204680138465,0,Ayacucho
2025-02-17 18:56:45.972666,21.716618916897815,27.75703665517583,77.54850037236316,1010.545532556964,0.819074405624522,1,Ayacucho
2025-02-16 18:56:45.972667,14.383386381242925,11.380606159471345,76.78440166067342,1011.2461333299182,10.088816504524507,0,Ayacucho
2025-02-15 18:56:45.972668,17.627157358971463,63.41575999580075,74.911054031531,1012.678781775508,2.6794531906103427,1,Ayacucho
2025-02-14 18:56:45.972669,18.641615969824617,2.1226154038398475,63.720954639537766,1023.0088248363096,5.257511102453218,0,Ayacucho
2025-02-13 18:56:45.972670,13.362786613126282,13.759635850640505,61.86433340336514,1010.6427840644287,3.0741183743774174,0,Ayacucho
2025-02-12 18:56:45.972671,13.056712009587246,3.6924174774790868,58.80521643993279,1008.7750185741369,0.46487672047921536,0,Ayacucho
2025-02-11 18:56:45.972672,22.93503037136944,7.468256762974507,74.82515016652232,1008.5159534488995,7.5409120933754465,0,Ayacucho
2025-02-10 18:56:45.972673,22.491361234170967,2.545929051315281,71.43420049688105,998.5172253410954,0.03791095334023469,0,Ayacucho
2025-02-09 18:56:45.972674,19.950206304054774,14.75391648766391,75.39380652344886,1008.2052070284462,1.6659497005457125,0,Ayacucho
2025-02-08 18:56:45.972674,17.487564116436065,7.829607784318545,77.59861622547518,1011.2345647495745,4.842395829257088,0,Ayacucho
2025-02-07 18:56:45.972675,14.400479319757542,15.124148476328232,67.81020849183302,997.9166411730653,2.1853523773081336,0,Ayacucho
2025-02-06 18:56:45.972676,17.375219780011737,21.441674578977324,83.71142305503378,1005.1489874364175,1.1383028773587403,0,Ayacucho
2025-02-05 18:56:45.972677,17.71668913062573,21.93851103397057,60.845650063072014,1015.3664226279287,1.0330016699454023,0,Ayacucho
2025-02-04 18:56:45.972678,21.766098736429996,6.2088123659875265,58.295541814668084,1007.564016035884,1.2748551236489127,0,Ayacucho
2025-02-03 18:56:45.972679,14.08739444630167,66.54968400909864,87.19287238973385,1007.7038840595236,7.9693832127496265,1,Ayacucho
2025-02-02 18:56:45.972680,20.014039912867798,18.738029975563308,76.13080597400038,1009.5301178879979,0.14702565053368882,0,Ayacucho
2025-02-01 18:56:45.972681,15.678206395994994,0.21344745525968764,77.48272287880643,1011.8279537321164,3.8241109266329847,0,Ayacucho
2025-01-31 18:56:45.972682,19.848556887134755,31.713048432796953,88.81316027146954,1007.7556283015496,4.017565958526941,1,Ayacucho
2025-01-30 18:56:45.972682,19.71160823365691,9.108531538143803,72.32691991492811,1013.3669545479054,3.747897129642185,0,Ayacucho
2025-01-29 18:56:45.972683,17.99714858925116,13.026824280458804,72.69755842924133,1007.6197800507214,0.09097742132247001,0,Ayacucho
2025-01-28 18:56:45.972684,18.27403032081426,59.455557423343976,82.04502833692077,1005.8245287222509,2.930928385862519,1,Ayacucho
2025-01-27 18:56:45.972685,19.622789063626726,1.2351491816679847,74.07809751955836,1012.7525570689763,3.3716301307272376,0,Ayacucho
2025-01-26 18:56:45.972686,19.68356387225552,26.58351149194181,69.1850550720396,1012.9454327535483,1.356345819018752,1,Ayacucho
2025-01-25 18:56:45.972689,14.553775253484378,7.207946370342712,93.70445645638588,1006.3045837238144,0.10235959502810871,0,Ayacucho
2025-01-24 18:56:45.972689,10.919584317913701,3.9380363351746377,68.70585827655036,1006.9135523364879,3.968798066751019,0,Ayacucho
2025-01-23 18:56:45.972690,24.770718828970125,31.314189181838984,75.38851733668852,1006.144978836521,5.002428923300062,1,Ayacucho
2025-01-22 18:56:45.972691,20.425615316150335,3.2435520976063352,66.14388704291093,1007.3734502598015,2.6378171091276394,0,Ayacucho
2025-01-21 18:56:45.972692,21.383215941058374,1.4044170727500895,71.87008429673759,1000.8415496640729,5.416376915905371,0,Ayacucho
2025-01-20 18:56:45.972693,21.335867322876712,53.219331231656085,79.35856916211486,1009.2796586824437,0.7954902335270103,1,Ayacucho
2025-01-19 18:56:45.972694,21.2056655273456,12.434541749849794,82.36617423506503,1007.1395004309112,3.764571795980801,0,Ayacucho
2025-01-18 18:56:45.972695,17.941524087607387,2.711610124797276,69.55975074604535,1005.126679189355,0.7282990094906455,0,Ayacucho
2025-01-17 18:56:45.972696,18.804064075840884,29.704981820226426,92.40823429271428,1012.1571555818623,2.6392076836811293,1,Ayacucho
2025-01-16 18:56:45.972697,16.052702863450282,18.482420462220414,68.43985546196762,1009.7907826598328,5.524109355560887,0,Ayacucho
2025-01-15 18:56:45.972697,13.72382977025712,2.5221295466427636,81.85260847147866,1008.056886113983,2.2984291761841265,0,Ayacucho
2025-01-14 18:56:45.972698,17.720698152153524,7.272623765582797,86.441159542472,1010.720021724056,7.4141003122606985,0,Ayacucho
2025-01-13 18:56:45.972700,18.248248364277124,14.307186057723497,69.84957547517112,1018.1584458934738,4.064225719796213,0,Ayacucho
2025-01-12 18:56:45.972701,20.027472987205392,23.55420553530619,74.60544114897132,1007.7357701056916,0.27670249690660076,0,Ayacucho
2025-01-11 18:56:45.972702,17.569101217873314,1.958231951932975,58.54914766415752,1007.279473427985,6.368172362540011,0,Ayacucho
2025-01-10 18:56:45.972703,19.66727060571451,9.34960604213075,65.53510439082707,1007.2304780738754,0.617203016743183,0,Ayacucho
2025-01-09 18:56:45.972704,19.05803958541009,4.43683931005962,61.321415658983085,1009.4878828133094,0.8068672759306844,0,Ayacucho
2025-01-08 18:56:45.972705,17.57405666736021,4.026005320932307,81.5274104465038,1006.9760677684421,5.254784133735683,0,Ayacucho
2025-01-07 18:56:45.972706,17.300489118460902,30.45319469983096,63.710053170336536,1015.9449680845091,2.9773413500519923,1,Ayacucho
2025-01-06 18:56:45.972706,22.064235776074717,10.360782599688653,84.79792102370062,1012.0298356582684,0.3121244511082183,0,Ayacucho
2025-01-05 18:56:45.972707,15.762439835721404,78.28846721085743,71.41923872653882,1000.9201995920062,0.02763947032692002,1,Ayacucho
2025-01-04 18:56:45.972708,17.389821230041452,55.75738416969131,59.399241167871295,1013.9942625028248,1.878406072353135,1,Ayacucho
2025-01-03 18:56:45.972709,16.062535614015143,46.40172041517468,87.22690022373897,1003.6018300362184,0.6968240669813791,1,Ayacucho
2025-01-02 18:56:45.972710,18.690678378100436,30.484768621407575,83.57888971249692,1006.6802580111415,0.2585550756115217,1,Ayacucho
2025-01-01 18:56:45.972711,19.749122607602743,18.605970140114223,83.24365905706415,1004.7142028177294,2.888573530904223,0,Ayacucho
2024-12-31 18:56:45.972712,18.028012123776932,39.33562148511172,76.25583004221683,1006.1186581873466,0.05817023208571689,1,Ayacucho
2024-12-30 18:56:45.972713,23.00609889740941,36.32289392360877,66.22239499203388,1011.9468585894563,17.313765366037888,1,Ayacucho
2024-12-29 18:56:45.972714,20.831233107757967,6.619991715672689,78.01464132850774,1009.0924753913247,1.8492970042257193,0,Ayacucho
2024-12-28 18:56:45.972715,20.03017770219729,19.826208106099337,71.06066295193008,1010.2650936222649,0.273548779274478,0,Ayacucho
2024-12-27 18:56:45.972716,17.086972237936344,15.529874577293098,85.44271514739287,1010.8879893113111,2.797785957370527,0,Ayacucho
2024-12-26 18:56:45.972716,14.167008554195117,36.46174203767081,66.94311061304819,1009.8414033964765,2.434949736416974,1,Ayacucho
2024-12-25 18:56:45.972717,12.635496513257756,10.776147105768228,62.677241249432456,1004.8884580720179,8.990475460050229,0,Ayacucho
2024-12-24 18:56:45.972718,14.97137066020775,0.40722470246896314,73.63438268363326,1014.7948082055,0.45656951406445123,0,Ayacucho
2024-12-23 18:56:45.972719,18.69351041048739,10.65941001595697,73.21831492574856,1008.6824238131275,1.8758292684327569,0,Ayacucho
2024-12-22 18:56:45.972720,15.985571329130162,33.2138875044146,72.17147906697483,1019.0206102196396,2.714562359444328,1,Ayacucho
2024-12-21 18:56:45.972721,18.921068378324783,6.426152482485128,69.97078089846107,1016.2439523809568,2.31820652496296,0,Ayacucho
2024-12-20 18:56:45.972722,19.272276649980423,3.584684883036953,73.46461467099815,1015.2486981903619,0.036977801537761035,0,Ayacucho
2024-12-19 18:56:45.972723,13.308575734233127,20.956661959463915,83.4724513767539,1004.4038249486314,3.2655412901681653,0,Ayacucho
2024-12-18 18:56:45.972724,17.21826836370608,9.183430614394853,87.84820109355609,1015.4199163128454,3.200213205713407,0,Ayacucho
2024-12-17 18:56:45.972724,18.192809449363526,7.137085466060426,71.94695039558259,1006.3169488997111,2.141313299333756,0,Ayacucho
2024-12-16 18:56:45.972725,14.21730610663271,21.603624761948012,71.22733314500233,1002.8477160645199,2.0417950559241307,0,Ayacucho
2024-12-15 18:56:45.972726,20.159175857541136,63.77331299637012,83.06728811843749,1006.3975507986797,1.5783854583098664,1,Ayacucho
2024-12-14 18:56:45.972727,20.53306888642587,8.005878273768934,74.37844716420216,1012.4087359581879,0.863833727311399,0,Ayacucho
2024-12-13 18:56:45.972728,16.976283995920603,70.60996310866074,71.21761875564228,1016.5084909932654,2.250573133070874,1,Ayacucho
2024-12-12 18:56:45.972729,14.034416865358619,48.7056693081415,73.96287511505152,1008.521338054332,0.48259551868100076,1,Ayacucho
2024-12-11 18:56:45.972730,11.134366341409299,15.66147589838135,53.8629569013322,1013.4331833432205,2.773261125630679,0,Ayacucho
2024-12-10 18:56:45.972731,14.152620451990508,26.846552391900207,79.407784277105,1013.4389369930137,2.5047819803509435,1,Ayacucho
2024-12-09 18:56:45.972732,17.541664754974473,34.81946295232091,55.42481783812741,1012.5943618671412,2.0235817443942743,1,Ayacucho
2024-12-08 18:56:45.972732,11.319692559405766,15.33057842168428,77.39452645137607,1012.3286109830066,0.3298916902139091,0,Ayacucho
2024-12-07 18:56:45.972733,18.189468284955566,33.120803537540915,57.555986480286165,1001.2637881409594,8.30696086783616,1,Ayacucho
2024-12-06 18:56:45.972734,22.51576050804908,0.024092749482367067,83.29857701956587,1006.965556895431,1.7318480800802263,0,Ayacucho
2024-12-05 18:56:45.972735,14.43637284268534,7.946150444084429,69.29963392810429,1016.2848917987221,4.335496229563464,0,Ayacucho
2024-12-04 18:56:45.972736,16.61200105815709,10.497403824802593,67.62466468428883,1010.1835517928024,0.5791219822273135,0,Ayacucho
2024-12-03 18:56:45.972737,17.93239893391348,20.41455451262015,73.89647771041012,1015.9492931465999,4.753336374658564,0,Ayacucho
2024-12-02 18:56:45.972738,20.624608825289833,1.1958570568994562,69.30978728789701,1013.6255430179368,1.5003955226224206,0,Ayacucho
2024-12-01 18:56:45.972739,21.77844503835993,36.20285901122817,61.15238372271345,1013.8851679542373,0.3585826464561931,1,Ayacucho
2024-11-30 18:56:45.972740,23.022756199646636,40.18346227740388,74.16150622514078,1014.2653431796325,1.9571523949589702,1,Ayacucho
2024-11-29 18:56:45.972741,18.05661733120049,3.892007898828979,83.80735642365178,1025.6365086150747,7.703631144916879,0,Ayacucho
2024-11-28 18:56:45.972742,15.180930804844053,8.141266200294197,75.10172583782273,1010.5025072540933,0.36069554678728166,0,Ayacucho
2024-11-27 18:56:45.972743,19.030162965560066,8.15308811136553,68.46484108328332,1005.0886227937808,3.792658848874225,0,Ayacucho
2024-11-26 18:56:45.972744,14.981851207475689,27.96948109308257,76.53211318118639,1009.3193446861015,7.181307490329776,1,Ayacucho
2024-11-25 18:56:45.972745,17.029752291405718,21.34026390902767,67.3862064706686,1017.6942865114801,6.45771970388024,0,Ayacucho
2024-11-24 18:56:45.972746,16.484906881348145,14.930508515238547,70.22084142912993,1009.1420283910969,2.708398473074138,0,Ayacucho
2024-11-23 18:56:45.972747,22.243020642882414,29.920427610380255,69.2021129749695,1008.1605084762142,1.0321891067609186,1,Ayacucho
2024-11-22 18:56:45.972747,20.149151908691714,26.64442485009985,84.88088001099764,1019.1708079317327,4.3738914831796,1,Ayacucho
2024-11-21 18:56:45.972748,15.226434577247936,12.849619359134648,71.85885432394136,1015.7586957554247,3.500118610525689,0,Ayacucho
2024-11-20 18:56:45.972749,14.776670066328087,6.677064935793415,82.32033056192333,1008.6647888303219,8.142307236487524,0,Ayacucho
2024-11-19 18:56:45.972750,16.489918725528838,15.307700418140376,82.52774293160638,1020.0487997189375,0.12967474881841556,0,Ayacucho
2024-11-18 18:56:45.972751,22.752898782507884,1.1092042563103497,70.66793462908255,1005.885806013248,4.588626062411199,0,Ayacucho
2024-11-17 18:56:45.972752,16.18291817007856,4.252568841807039,78.87360213923462,1015.6072289560173,11.487225622597904,0,Ayacucho
2024-11-16 18:56:45.972753,18.96335436254004,5.94945025317106,81.73242022761026,1009.535506335712,2.569168686793126,0,Ayacucho
2024-11-15 18:56:45.972754,16.46614387492749,14.186832084283626,91.04014949945872,1009.9899269499017,0.77049597338329,0,Ayacucho
2024-11-14 18:56:45.972755,21.896822128896027,1.7388739110852152,86.53436157503788,1012.9091699746707,0.16168175557472417,0,Ayacucho
2024-11-13 18:56:45.972756,22.079030369312797,12.250630194440376,79.75871696432273,1012.909911340214,3.4537563797721527,0,Ayacucho
2024-11-12 18:56:45.972756,16.531904502901167,3.7655626187432314,86.74480799003965,1005.4570065839209,3.457150671865502,0,Ayacucho
2024-11-11 18:56:45.972757,20.743399292913473,3.1053563114609046,82.89839019872707,1011.6677439737621,0.10149375803124508,0,Ayacucho
2024-11-10 18:56:45.972758,15.858707898694785,6.279786173295559,51.461870044010034,1006.2508114402805,1.5131633494595516,0,Ayacucho
2024-11-09 18:56:45.972759,20.606804159716916,8.074781587045775,69.14987322907203,1002.3980700243048,1.1960850040670183,0,Ayacucho
2024-11-08 18:56:45.972760,13.961137941366237,10.783140080818587,73.31054350250353,1010.2362768402322,0.8466646163494347,0,Ayacucho
2024-11-07 18:56:45.972761,17.88238032538828,24.687430507079917,59.86519219947435,1013.3018890599435,4.375132017254583,0,Ayacucho
2024-11-06 18:56:45.972762,21.919835806044695,8.054010100231043,94.95219449445324,1010.1886578403135,0.8413370775339513,0,Ayacucho
2024-11-05 18:56:45.972763,16.6577733401832,4.960839444224628,52.505490897614685,1010.5843583561181,0.2093663061829339,0,Ayacucho
2024-11-04 18:56:45.972764,20.638403254635797,14.873502350104395,70.28687682623934,1019.3480891267493,0.873803178761656,0,Ayacucho
2024-11-03 18:56:45.972765,23.14238226746876,11.219569723291919,75.65213227709634,1009.2684414430207,4.214248124327488,0,Ayacucho
2024-11-02 18:56:45.972765,20.27409266764332,20.37973075122689,87.18474441101776,1001.6141819560816,1.2377511663513392,0,Ayacucho
2024-11-01 18:56:45.972768,15.535980899809683,91.44277536768641,70.53326558969894,1010.9795082789889,13.534034085539975,1,Ayacucho
2024-10-31 18:56:45.972769,18.932219899828535,2.120043779275051,50.57337359530271,1012.1161476658533,2.703666303774387,0,Ayacucho
2024-10-30 18:56:45.972770,19.621151996473095,5.244880288665801,47.50651820399171,1014.468982185602,0.27472195114075587,0,Ayacucho
2024-10-29 18:56:45.972770,19.53086704228891,2.4471417237656863,59.18243609017822,1008.1546330005401,2.0621994188984334,0,Ayacucho
2024-10-28 18:56:45.972771,19.357174389006563,0.22735421573116774,33.18350213192544,1018.9911075993705,3.834722959861322,0,Ayacucho
2024-10-27 18:56:45.972772,16.41943855188756,4.952189106602196,52.2294480575844,1018.9814853751349,1.4888667653513004,0,Ayacucho
2024-10-26 18:56:45.972773,23.18069876524956,2.556758212372415,42.674212134106185,1010.1055001736476,1.3877114139411701,0,Ayacucho
2024-10-25 18:56:45.972774,22.897870654511998,7.9463430451630686,45.13267571853483,1006.5619638957697,2.580156216376624,0,Ayacucho
2024-10-24 18:56:45.972775,23.903132912433854,0.19591230469619866,51.97680411111252,1015.0345266910181,0.11797734206247362,0,Ayacucho
2024-10-23 18:56:45.972776,18.252986588716034,0.5496253824817416,56.68029784425329,1013.3930385264297,5.145671528349283,0,Ayacucho
2024-10-22 18:56:45.972777,24.41391776131121,0.03700550750405302,58.787383728827045,1024.412845207495,4.534938401700078,0,Ayacucho
2024-10-21 18:56:45.972778,17.78164275430348,0.40755258812259876,30.28317726545521,1014.7731682555209,1.5457447321581888,0,Ayacucho
2024-10-20 18:56:45.972778,21.287991392248873,2.372914486028947,43.63355997555845,1009.9628978293008,3.548052650767633,0,Ayacucho
2024-10-19 18:56:45.972779,19.534213003682545,0.7379283630314293,53.550176110365676,997.7017977594157,1.9181685098307484,0,Ayacucho
2024-10-18 18:56:45.972780,16.882432524064413,4.205233828619195,55.62851520612195,1011.1010803293537,0.9752419027473012,0,Ayacucho
2024-10-17 18:56:45.972781,21.487072689031407,0.31069161052254796,67.40393250222799,1005.1656225934847,2.355211508158262,0,Ayacucho
2024-10-16 18:56:45.972782,22.67244140179292,1.2760635996299696,61.005643722648934,1016.0321925269185,11.840273001082167,0,Ayacucho
2024-10-15 18:56:45.972783,21.577533262601705,1.2194678504548822,63.21999482394797,1014.7325475678365,1.713337270671785,0,Ayacucho
2024-10-14 18:56:45.972784,27.68197733666437,0.020995637716028692,52.84103558279875,1018.5714005608351,1.4765676017283087,0,Ayacucho
2024-10-13 18:56:45.972786,19.1098605776244,0.07630478478101445,35.167814854621085,1009.2092190812793,0.001552082506062394,0,Ayacucho
2024-10-12 18:56:45.972787,22.74279377788857,1.4971430800670205,38.182138383885444,1008.816795767376,1.3499997172732272,0,Ayacucho
2024-10-11 18:56:45.972788,20.691100080849555,0.8189219133987865,60.996057697017775,1002.9984588584505,5.332415368703078,0,Ayacucho
2024-10-10 18:56:45.972788,20.68567698212817,0.17971697652138677,48.90882704456948,1012.0474468155815,6.5758052913989475,0,Ayacucho
2024-10-09 18:56:45.972789,16.416917112928918,0.26717499715824927,57.59798295880939,1009.847792423064,3.261847323100564,0,Ayacucho
2024-10-08 18:56:45.972790,23.036971137849783,1.2450552460018167,28.7365888566312,1011.5966470959642,0.06762954910659266,0,Ayacucho
2024-10-07 18:56:45.972791,21.06055212536209,3.7879027220720127,61.17373470777994,1004.0663528509548,7.080436147652849,0,Ayacucho
2024-10-06 18:56:45.972792,20.499260837235177,0.08958706229699506,41.867443307409225,1008.7946217360092,3.129080888668877,0,Ayacucho
2024-10-05 18:56:45.972793,19.945414419712776,0.20502946300178282,40.60014675264959,1006.9553703086443,4.132665210782395,0,Ayacucho
2024-10-04 18:56:45.972794,23.803899719198018,1.5883712471200084,54.24652319242083,1014.1916129953247,2.896471600117336,0,Ayacucho
2024-10-03 18:56:45.972795,20.932213290908553,0.1394041793326146,69.34396935959586,1002.4601277013584,3.109058622100295,0,Ayacucho
2024-10-02 18:56:45.972796,21.16916649261337,3.2014842532895456,51.771194664868545,1002.5133381492216,2.0871999192409016,0,Ayacucho
2024-10-01 18:56:45.972796,23.411983585298064,13.413168444820526,58.27416884585378,1001.2112608825796,0.9454757017236886,0,Ayacucho
2024-09-30 18:56:45.972797,22.14991136852247,3.6593460071108543,53.70891853463505,1007.4143016556652,0.6760441396182001,0,Ayacucho
2024-09-29 18:56:45.972798,15.928764466384933,0.18939437875311918,46.34845086408868,1003.4523328592101,1.286287778858787,0,Ayacucho
2024-09-28 18:56:45.972799,21.384246741803395,1.0035672242587261,69.69182330490702,1013.6502334671833,1.1191313741383497,0,Ayacucho
2024-09-27 18:56:45.972800,23.158790390425263,2.4619372940508506,55.22881345930571,1009.4718301314076,1.51189240093472,0,Ayacucho
2024-09-26 18:56:45.972801,18.913976977689526,0.9409415064426849,45.66450519208289,1005.9813334912471,1.773372081338072,0,Ayacucho
2024-09-25 18:56:45.972802,26.525558443051082,2.5559544236689256,45.753319884948866,1006.0904218124349,1.8088179710531922,0,Ayacucho
2024-09-24 18:56:45.972803,22.13248911135311,0.45049043079917855,33.34378299506584,1003.2626789237339,2.6331726869246777,0,Ayacucho
2024-09-23 18:56:45.972804,18.630778636579443,0.38586867528578633,78.29497738921577,1019.790557952569,2.104733030004932,0,Ayacucho
2024-09-22 18:56:45.972805,19.94161886893337,2.4898592152332983,54.370966967442314,1013.0004357561952,8.229660568011521,0,Ayacucho
2024-09-21 18:56:45.972806,23.009707656585245,13.398652233790695,53.05096057439677,1010.56537021022,0.3790273571529109,0,Ayacucho
2024-09-20 18:56:45.972806,22.800574018591668,2.823652128399607,51.864987694232894,1010.0300002159961,5.468475754141579,0,Ayacucho
2024-09-19 18:56:45.972807,23.020809422559203,1.0192928331283788,48.69296791412221,1012.0925155747125,0.5171272595427299,0,Ayacucho
2024-09-18 18:56:45.972808,23.2938771995843,2.7509612152870795,74.91935545950831,1010.4665412657472,5.778771936689272,0,Ayacucho
2024-09-17 18:56:45.972809,22.803375209514893,1.4482233759749057,62.348176735508794,1007.428779365259,1.1035565175007274,0,Ayacucho
2024-09-16 18:56:45.972810,21.26512573132584,1.235992627741552,44.71704655799687,1015.1350011941971,13.312703184676618,0,Ayacucho
2024-09-15 18:56:45.972811,22.458792641983035,0.3646686515747417,63.19508218518047,1005.9347585169737,1.2715910287482217,0,Ayacucho
2024-09-14 18:56:45.972812,18.59577363252567,1.1253694306420834,35.22454309155569,1007.473924615447,2.314379380684593,0,Ayacucho
2024-09-13 18:56:45.972813,21.60742895195875,2.604681298375246,57.06070811660702,1013.2258972474054,0.1506988580872935,0,Ayacucho
2024-09-12 18:56:45.972814,20.948531495949403,2.6336409170431727,75.75276393469376,1011.6075241301276,0.26272061280241343,0,Ayacucho
2024-09-11 18:56:45.972814,21.430534308363,2.7942748768843053,62.52251637395238,1013.8827132509631,0.9499129183881214,0,Ayacucho
2024-09-10 18:56:45.972815,22.93989373247548,1.4158179263703536,55.217512477918106,1010.6909545236438,0.4717955045509953,0,Ayacucho
2024-09-09 18:56:45.972816,19.467273098708674,0.35169297000955574,57.367153483028986,1006.9106271214955,0.8367498367991449,0,Ayacucho
2024-09-08 18:56:45.972817,18.115937938765644,1.8101643280778927,84.74475238340132,1015.1504471396103,0.35803471976004764,0,Ayacucho
2024-09-07 18:56:45.972818,20.61628793744167,0.8960649921760923,67.52620048648683,1005.6282607282793,1.7654890147014473,0,Ayacucho
2024-09-06 18:56:45.972819,15.188147686707381,4.5305062601471455,44.23169350497477,1013.5890563634346,0.579235386128153,0,Ayacucho
2024-09-05 18:56:45.972836,18.463673008559347,0.459039360491464,63.22446701890276,1003.5445333989866,7.551184458792992,0,Ayacucho
2024-09-04 18:56:45.972840,22.07031924524624,0.5557882098703948,61.19866347783075,1004.0260469303212,4.551498224657212,0,Ayacucho
2024-09-03 18:56:45.972841,25.62864131892489,6.084236653560294,54.85520587333184,1004.0061565690361,2.6043413133279683,0,Ayacucho
2024-09-02 18:56:45.972842,19.103431165156795,5.802591917826736,52.742932294411474,1010.1474353738664,0.7338210494179267,0,Ayacucho
2024-09-01 18:56:45.972843,21.034869500552006,0.15348267856842213,50.06324351598983,1008.005459593409,0.20036013507858857,0,Ayacucho
2024-08-31 18:56:45.972844,21.616643948124064,2.1365903142938083,60.83622799570631,1003.3039889815752,0.9947051203288364,0,Ayacucho
2024-08-30 18:56:45.972845,23.54754596401615,1.8682389008168745,58.0112095875072,1011.0237587607386,0.057449538182683585,0,Ayacucho
2024-08-29 18:56:45.972846,25.76691521607421,0.5140275108495324,60.45565752695189,1006.8670781184214,0.3993705258978544,0,Ayacucho
2024-08-28 18:56:45.972846,16.462298838696135,2.6360556509779287,69.78573368860191,1001.9390843146084,0.6405791908614236,0,Ayacucho
2024-08-27 18:56:45.972847,23.37891743917832,4.387968692934222,52.30992511733424,1011.1228518987067,2.3329552091810224,0,Ayacucho
2024-08-26 18:56:45.972848,23.828235862614598,1.9309688789932604,35.98919184841116,1014.9483929001829,0.09684423052944531,0,Ayacucho
2024-08-25 18:56:45.972849,17.582697361896333,4.158854061258628,33.77619425562976,1017.1803599054024,0.9253683187098882,0,Ayacucho
2024-08-24 18:56:45.972850,18.14877755175318,1.0224375131282757,59.61489264677099,1012.876571234634,3.3122350923008907,0,Ayacucho
2024-08-23 18:56:45.972851,18.234476914067308,3.844255684837745,56.91333034285081,1008.915192455258,0.36656781762588686,0,Ayacucho
2024-08-22 18:56:45.972852,23.039289531367107,0.516497951350835,56.533172751228925,1015.0916402623828,7.889879134472306,0,Ayacucho
2024-08-21 18:56:45.972853,19.251352956726816,1.5417720457150488,51.768984664839465,1014.2668539047792,0.17978118283315297,0,Ayacucho
2024-08-20 18:56:45.972854,27.990966251881968,2.7527911770272295,58.506113936179396,1006.4338261944966,3.9205772505030128,0,Ayacucho
2024-08-19 18:56:45.972854,17.583194675226743,1.4788756014483648,49.85768560067977,1011.6316807652,3.1611682978352933,0,Ayacucho
2024-08-18 18:56:45.972857,17.091902604045785,0.3047141961302645,31.247408846919175,1018.4871040559598,2.041694787207126,0,Ayacucho
2024-08-17 18:56:45.972858,21.557621565549162,0.9250252304735989,55.14673463662458,1007.5346583906951,2.2830537340642048,0,Ayacucho
2024-08-16 18:56:45.972859,23.143136998093354,0.9428054139924679,72.8224599667183,1011.6829362939828,1.995027417153064,0,Ayacucho
2024-08-15 18:56:45.972860,16.393382743490534,0.6533009879166987,66.93355073048699,1004.9274760523846,4.913573948910112,0,Ayacucho
2024-08-14 18:56:45.972861,22.429757176500747,11.872275798594142,57.149217535483025,1010.5472284000164,1.7884914117965365,0,Ayacucho
2024-08-13 18:56:45.972862,17.302713614097478,0.4093932322688585,73.15767150794127,1011.3921735164097,0.10796107766059462,0,Ayacucho
2024-08-12 18:56:45.972862,27.88572239486681,1.0970409161357046,47.63801571193519,999.4402524727391,6.459827302783078,0,Ayacucho
2024-08-11 18:56:45.972863,20.20676135855496,7.095297212359171,65.30424546477425,1009.3859595906954,4.507795258963737,0,Ayacucho
2024-08-10 18:56:45.972864,22.471223904651893,1.1882346877382675,61.12391344997458,1004.5693196506868,0.7145235722979684,0,Ayacucho
2024-08-09 18:56:45.972865,21.279457063101415,0.7438769566636454,48.9124027940135,1008.2281889517262,1.4525122194390683,0,Ayacucho
2024-08-08 18:56:45.972866,21.24653732024028,1.0975524299723218,57.88912139161292,1011.8258034115822,1.1216958367510466,0,Ayacucho
2024-08-07 18:56:45.972867,21.602483916561454,0.5028584802057224,44.705424183345315,1010.2332546135108,10.121976225667908,0,Ayacucho
2024-08-06 18:56:45.972868,29.429685451312398,1.2540026208159505,55.67732266616124,1009.73398498583,8.805431948512801,0,Ayacucho
2024-08-05 18:56:45.972869,24.399754008658284,0.2376917449714937,66.21070049748474,1010.051957631531,1.2072772233855866,0,Ayacucho
2024-08-04 18:56:45.972870,24.74606760385316,2.9257779733456024,51.17350645780135,1016.1654197031398,2.732022301901729,0,Ayacucho
2024-08-03 18:56:45.972871,26.52669294420781,0.7655255842451344,60.00313899177749,1015.4355515683408,8.841012421691122,0,Ayacucho
2024-08-02 18:56:45.972872,23.000881531394285,0.516642456295359,68.60523503850702,1012.0733169430257,2.928387139026582,0,Ayacucho
2024-08-01 18:56:45.972873,20.19829799909761,0.5558077322188021,63.15981168917839,1013.8843312381598,3.408671585089489,0,Ayacucho
2024-07-31 18:56:45.972874,20.8790235555955,4.4766543753364445,66.00998246579144,1012.5234277935915,2.9169753278705954,0,Ayacucho
2024-07-30 18:56:45.972874,25.560473255854447,0.2193597376629967,43.85559943799165,1009.9225443793122,7.943899883420581,0,Ayacucho
2024-07-29 18:56:45.972875,23.902664453469765,0.6994870064519965,60.054365972320916,1002.4714612738024,2.3823492960086448,0,Ayacucho
2024-07-28 18:56:45.972876,20.949890781794466,0.5250733713925091,47.9252748871695,1012.0554721749232,4.335191619291109,0,Ayacucho
2024-07-27 18:56:45.972877,22.689414968014283,2.527260449378483,59.86509915478438,1008.0149311200122,8.150767728377723,0,Ayacucho
2024-07-26 18:56:45.972878,21.68036342070821,0.8758665258318146,69.71290120804893,1014.8366108302057,5.875841582135333,0,Ayacucho
2024-07-25 18:56:45.972879,26.58381532596715,0.27840641889371137,43.72628675497201,1015.8700477867876,1.1636286278636079,0,Ayacucho
2024-07-24 18:56:45.972880,20.78969143741306,0.5176295425719951,51.104816977719786,1013.0583000391694,2.316207182021638,0,Ayacucho
2024-07-23 18:56:45.972881,18.974036681279383,0.2917344507981019,54.29774886003586,1007.8914878840524,2.6004911565707243,0,Ayacucho
2024-07-22 18:56:45.972882,24.018063253683806,1.3645067129349704,69.33611447125722,1005.1135842237841,1.2849742611937918,0,Ayacucho
2024-07-21 18:56:45.972882,19.08457746123277,0.9366843081145407,61.92899712170152,994.1809880619693,0.27151721410062196,0,Ayacucho
2024-07-20 18:56:45.972883,20.78724641650254,0.6531581497975323,42.30432091849798,1013.7153298934206,4.273619233588727,0,Ayacucho
2024-07-19 18:56:45.972884,20.375405801588762,6.737559767598722,46.025708290982834,1007.8249134568061,1.6051030713154115,0,Ayacucho
2024-07-18 18:56:45.972885,24.252685547909717,6.784810302860935,61.272886955063626,1000.1826204999229,3.8257136960859306,0,Ayacucho
2024-07-17 18:56:45.972886,24.004937332088282,0.17833376143974414,60.479283190151676,1010.2096986919728,5.3278921757925,0,Ayacucho
2024-07-16 18:56:45.972887,19.295279612871045,1.367050300186872,68.51498749885694,1016.368113961805,0.6069455968411774,0,Ayacucho
2024-07-15 18:56:45.972887,19.603459625227483,0.22941203611403022,67.19364896268756,1009.4408500069436,3.303625201370881,0,Ayacucho
2024-07-14 18:56:45.972888,20.826949559457905,0.8049143072990921,86.85268499772565,1005.4575231323687,2.639738595773924,0,Ayacucho
2024-07-13 18:56:45.972889,19.762596900953152,2.1671601423831466,48.23632666113845,1018.4143179215276,2.4030960578758744,0,Ayacucho
2024-07-12 18:56:45.972890,23.746416127225622,0.04380889605946547,54.43875812621422,1013.1304156690468,2.5832377472533126,0,Ayacucho
2024-07-11 18:56:45.972891,23.899016323249736,0.21778013271143404,59.2880230660345,1016.7788224083043,6.145576719801202,0,Ayacucho
2024-07-10 18:56:45.972892,22.971172427588975,2.6122382711286565,50.65207114707351,1007.3443954110143,11.105067057052896,0,Ayacucho
2024-07-09 18:56:45.972893,19.041381445026488,2.7412241557245602,43.01065722086154,1013.9109781249091,1.8173097501901472,0,Ayacucho
2024-07-08 18:56:45.972893,15.226734000337924,2.64955212819171,62.868150370762834,1014.8912108316205,0.8047569888665864,0,Ayacucho
2024-07-07 18:56:45.972894,20.710520524315914,3.340014440235996,66.17427059560794,1009.5364545117836,3.3524491535741454,0,Ayacucho
2024-07-06 18:56:45.972895,21.443038268993952,1.9851033318485445,47.547668855790974,1011.0664485464287,1.8380800371383814,0,Ayacucho
2024-07-05 18:56:45.972896,20.74003407004276,1.949646633321458,54.057298533956896,1012.6963683601119,1.1237534572530856,0,Ayacucho
2024-07-04 18:56:45.972897,22.296242491626025,0.47029782401182296,45.02784984141856,1009.8731778287699,3.740213750466637,0,Ayacucho
2024-07-03 18:56:45.972898,22.010966502306648,0.36774178687492537,61.44839947572193,1004.2775212332125,0.823623568758473,0,Ayacucho
2024-07-02 18:56:45.972899,24.125884275326058,2.6900006626555064,53.307977545330935,1004.9318762700731,2.0966731998804238,0,Ayacucho
2024-07-01 18:56:45.972900,19.566487374221175,0.6206368320473646,55.10853802309973,1012.3639514691905,0.9497450078664262,0,Ayacucho
2024-06-30 18:56:45.972901,25.246119708691854,0.6700417064864475,50.928637307211844,1004.7869127090239,3.0060398537101913,0,Ayacucho
2024-06-29 18:56:45.972902,17.45845862536487,3.099276739669621,45.198396307322085,1019.3128690034875,0.12990104719518433,0,Ayacucho
2024-06-28 18:56:45.972902,22.087505929220168,3.4295139418508325,37.03630663046795,1006.5759572036894,1.2523734739647194,0,Ayacucho
2024-06-27 18:56:45.972903,20.12813820954098,0.4314535966433572,51.57396714024626,1009.2987898054187,0.09715446315930021,0,Ayacucho
2024-06-26 18:56:45.972904,24.665982183109968,1.4944223136823005,49.14328679924283,1009.7238013203568,2.6750000859969045,0,Ayacucho
2024-06-25 18:56:45.972905,19.10336407395047,3.429868028347689,52.651313951271995,1017.7637322865903,1.9967149349215356,0,Ayacucho
2024-06-24 18:56:45.972906,22.897148409371532,2.2222286851351267,49.75512441528633,1018.3368095224569,2.4618156844381085,0,Ayacucho
2024-06-23 18:56:45.972907,18.262069746587038,1.008272820668014,55.876910603750325,1003.8958804243384,7.175019974327536,0,Ayacucho
2024-06-22 18:56:45.972908,19.295421565936174,1.4106361268339156,62.301711460746205,1008.4664799484285,3.124991203932968,0,Ayacucho
2024-06-21 18:56:45.972909,28.475930862060416,13.434601863224469,52.80780911007135,1006.9908978864597,5.419320936274149,0,Ayacucho
2024-06-20 18:56:45.972910,24.349348156037713,1.188245834288306,59.91822963044902,1009.8325123842371,0.5423076776720566,0,Ayacucho
2024-06-19 18:56:45.972910,22.20540034500083,1.672456296091373,55.7596255685598,1010.5838632755828,7.587973280979517,0,Ayacucho
2024-06-18 18:56:45.972911,23.88722907422824,0.8446043835286445,35.299349149647156,1016.4026619394933,4.974661100081313,0,Ayacucho
2024-06-17 18:56:45.972912,20.830243196618532,1.3246508155715622,51.55113688157113,1017.225144042041,4.321587669365277,0,Ayacucho
2024-06-16 18:56:45.972913,23.950634654577385,0.4796266381233912,53.82708089490482,1009.4749248781565,2.98062680923497,0,Ayacucho
2024-06-15 18:56:45.972915,19.527455071359462,0.5786551703940949,59.74582206126423,1008.5464996566292,2.3607966048716547,0,Ayacucho
2024-06-14 18:56:45.972916,17.841769275084186,6.711519443983857,50.86834824133573,1016.9202089268161,2.5144132298276483,0,Ayacucho
2024-06-13 18:56:45.972917,18.59238216001125,5.570549701672337,64.8701773855656,1006.5914596521656,0.8591949637281411,0,Ayacucho
2024-06-12 18:56:45.972918,17.965796626882675,0.08751257443868118,37.90326029667388,1018.2739390344208,1.6592543329263871,0,Ayacucho
2024-06-11 18:56:45.972919,24.167226012731586,0.7285337492398279,59.39584475026233,1003.6130941623709,3.531163367015281,0,Ayacucho
2024-06-10 18:56:45.972919,17.397236667277227,3.189955167725705,57.46058925999715,1010.3732173809892,0.8656229792283889,0,Ayacucho
2024-06-09 18:56:45.972920,20.240789379193014,1.256386215441232,56.705556755140705,1010.8163832865735,0.8472643106327162,0,Ayacucho
2024-06-08 18:56:45.972921,26.273908889740866,0.5244285768882303,52.80607359811424,1009.4864437774461,0.3948517397454707,0,Ayacucho
2024-06-07 18:56:45.972922,25.8159204602508,0.08980404427108245,70.19926415465824,1013.4206023530776,0.4951101958064462,0,Ayacucho
2024-06-06 18:56:45.972923,23.340960228307516,0.04151260848860396,65.86073262942072,1010.9201849476661,0.21734139887875523,0,Ayacucho
2024-06-05 18:56:45.972924,26.230330028902767,0.1549433981016541,59.419835542233926,1014.0655818513117,2.4795552083500096,0,Ayacucho
2024-06-04 18:56:45.972925,22.06636949398303,3.4243744844638013,52.13364757620557,1010.005874605495,0.7851411675746092,0,Ayacucho
2024-06-03 18:56:45.972926,20.057526919590455,0.10277873955449833,62.74999244429291,1011.5818635358124,6.827358677300832,0,Ayacucho
2024-06-02 18:56:45.972927,20.9717719113099,0.9383307679861045,58.88769743780793,1019.0885477198987,4.229942953928184,0,Ayacucho
2024-06-01 18:56:45.972927,21.518421618703957,1.052332166695539,57.040840930738625,1010.4892902670113,1.5602862308021388,0,Ayacucho
2024-05-31 18:56:45.972928,24.16482448914101,0.35917388827991875,58.70556115149419,1015.6754290672208,0.032720277874696266,0,Ayacucho
2024-05-30 18:56:45.972929,18.154827084037482,0.11468085757392997,45.531456153220724,1005.6880170497703,6.358758893966032,0,Ayacucho
2024-05-29 18:56:45.972930,22.926721334901334,0.46139467798195266,58.5163062935738,1004.2978731821265,8.952517967545756,0,Ayacucho
2024-05-28 18:56:45.972931,20.216846239101258,0.4910884695308154,64.14005462169438,1006.8629282131193,0.2570589779115091,0,Ayacucho
2024-05-27 18:56:45.972932,22.648307926890322,2.3661666431095725,57.49473867311826,1006.0364961554203,3.9801288952443663,0,Ayacucho
2024-05-26 18:56:45.972933,27.338204239932686,0.7371833708632344,54.509709928265536,1004.4754613182669,0.7903336445966391,0,Ayacucho
2024-05-25 18:56:45.972934,25.64370522486255,1.5249133859263977,63.649663745522105,1013.4055305491821,1.7077390546648692,0,Ayacucho
2024-05-24 18:56:45.972935,28.947138776222133,0.7594357453197944,49.17539279056533,1009.3716668525843,8.201223087877171,0,Ayacucho
2024-05-23 18:56:45.972936,18.360976597022105,1.3447859654035554,70.72388222121855,1011.7457460944211,3.254507901812101,0,Ayacucho
2024-05-22 18:56:45.972936,30.558295201247255,3.382375781293122,43.79968529333951,1010.7693899280671,7.0959576763483705,0,Ayacucho
2024-05-21 18:56:45.972937,23.013415552738802,8.724862029508728,65.82753287887934,1013.3054984290123,3.6676233054254563,0,Ayacucho
2024-05-20 18:56:45.972938,17.547143349294466,2.0779487042590556,41.09371286286472,1013.859196999335,4.948167128100749,0,Ayacucho
2024-05-19 18:56:45.972939,17.498994060466025,0.20063509417186373,34.06062294222981,1013.2554161875354,0.21838614139442664,0,Ayacucho
2024-05-18 18:56:45.972940,21.75814392145052,2.3714778432321637,40.91047209884222,1016.7443888948104,1.0388398033794768,0,Ayacucho
2024-05-17 18:56:45.972941,23.26568685190793,1.5098607661594452,47.392653637458935,1009.310915553355,0.351378086403284,0,Ayacucho
2024-05-16 18:56:45.972942,24.002653588531107,1.3446415883761078,64.75729115029053,1016.6439726434951,1.756476312088466,0,Ayacucho
2024-05-15 18:56:45.972943,19.10475109235536,2.282670748946334,72.21930638256927,1009.99646444655,2.6480430662750902,0,Ayacucho
2024-05-14 18:56:45.972944,20.88277718891557,0.5808631474351664,47.433017692975376,1012.5557299071701,0.9295333931327412,0,Ayacucho
2024-05-13 18:56:45.972945,21.1850522869991,1.584075822534463,37.95215345115636,1007.7906773167966,1.061424869886876,0,Ayacucho
2024-05-12 18:56:45.972946,26.21078208934955,0.9743218496986092,57.4122758599586,1005.9038233129356,1.7305427507914142,0,Ayacucho
2024-05-11 18:56:45.972946,22.78830860892882,0.7674532784476928,64.12431545687716,1014.1154737634871,10.317528618243411,0,Ayacucho
2024-05-10 18:56:45.972947,16.93677444729158,0.1826318731988688,53.64384258688462,1008.9263110953582,1.5542952004309338,0,Ayacucho
2024-05-09 18:56:45.972948,18.032857397484957,1.9914287627725238,70.33847079879257,1004.2856098576488,1.3427365272629384,0,Ayacucho
2024-05-08 18:56:45.972949,21.264659117550202,3.4596220689066635,45.86116083079208,1010.1733604478834,3.5251949903864137,0,Ayacucho
2024-05-07 18:56:45.972950,22.06467131267793,1.19623670274073,51.39292786978561,1014.5136361740239,2.6892677266489917,0,Ayacucho
2024-05-06 18:56:45.972951,19.803249608497183,3.7342372808376347,50.44662343313575,1000.4607669355912,1.2346347445795,0,Ayacucho
2024-05-05 18:56:45.972952,25.629884391987428,10.666489049649506,63.44146837202355,1013.5391358032822,2.4763599313555655,0,Ayacucho
2024-05-04 18:56:45.972953,22.428375668382696,0.3648646922055269,44.294279171194006,1011.9930565845627,1.9284793488084653,0,Ayacucho
2024-05-03 18:56:45.972954,27.093164821035863,4.126415557157238,62.042579423359534,1009.6918849051043,0.35717532748394454,0,Ayacucho
2024-05-02 18:56:45.972954,21.391721523764275,2.0971017143287503,53.711755963965295,1012.1996877745516,0.12803561361481625,0,Ayacucho
2024-05-01 18:56:45.972955,22.851555854326687,0.3361119060301059,54.464821450112474,1013.2371391841133,9.83674496204772,0,Ayacucho
2024-04-30 18:56:45.972956,21.880911142724315,2.5685587096113642,47.53874556938594,1015.4077161959578,7.257108542016157,0,Ayacucho
2024-04-29 18:56:45.972957,21.918310389338675,3.827619209026776,67.24570626890286,1016.2087421953444,0.7000432891155333,0,Ayacucho
2024-04-28 18:56:45.972958,20.66305647363841,2.584749823548859,53.00976379549084,1015.2850942259091,0.7206990288931041,0,Ayacucho
2024-04-27 18:56:45.972959,19.083509068139538,10.886423749915513,58.824899946783695,1008.6656265655083,10.434641035081397,0,Ayacucho
2024-04-26 18:56:45.972960,19.67561330625037,1.4629180924173144,52.797959585636434,1007.2267388551298,1.6334793564356977,0,Ayacucho
2024-04-25 18:56:45.972961,23.628124274061094,3.718773311622974,42.72637139695117,1005.4138487674699,0.28145372021706416,0,Ayacucho
2024-04-24 18:56:45.972962,23.490417742670676,0.13131086258449878,55.42192736096059,1005.1968991722827,1.3885988141979486,0,Ayacucho
2024-04-23 18:56:45.972963,19.9804547850272,2.9622832836134805,58.2658600886231,1015.4310071954214,1.8534114419131678,0,Ayacucho
2024-04-22 18:56:45.972964,15.603399375275206,2.5789013366377893,50.6059959231882,1021.411067078254,5.934479362864097,0,Ayacucho
2024-04-21 18:56:45.972965,22.50083574138308,0.7882747444312402,64.76522059737582,1013.264683113254,0.8670432463557607,0,Ayacucho
2024-04-20 18:56:45.972965,18.635720766111515,3.0375540479694627,53.12265730740425,1011.0297113791466,6.081218784366095,0,Ayacucho
2024-04-19 18:56:45.972966,16.349470448217083,0.7626053866100371,52.40622240672313,1006.3190860571848,0.3212775099065308,0,Ayacucho
2024-04-18 18:56:45.972967,22.271144467576335,2.352985944221769,44.67251918239391,1008.2578883907238,0.227815339336494,0,Ayacucho
2024-04-17 18:56:45.972968,21.883621598148906,0.11330659206781003,40.26796524656072,1006.4806766060896,3.929997131833856,0,Ayacucho
2024-04-16 18:56:45.972969,19.977156004602815,3.220490176263083,56.92588300163428,1008.6219384178569,1.996506649454278,0,Ayacucho
2024-04-15 18:56:45.972970,22.485580105383807,5.816584014595987,40.80008747777179,1005.324306507177,0.20155531131592136,0,Ayacucho
2024-04-14 18:56:45.972971,23.843071697426836,2.868146070481568,52.22523789304145,1014.8648608789774,0.5578561945754696,0,Ayacucho
2024-04-13 18:56:45.972972,23.73209234001877,0.7601225676425798,41.1516332303749,1011.0916368517296,1.9268988498443649,0,Ayacucho
2024-04-12 18:56:45.972972,17.170474870968675,2.6004840611875477,65.03334445357122,1006.9691301841314,0.9985461631653572,0,Ayacucho
2024-04-11 18:56:45.972973,20.693050813699088,1.3741758098901253,41.14975565449679,1012.2764228109788,2.386111227841609,0,Ayacucho
2024-04-10 18:56:45.972974,18.44583350272176,3.6541351299669897,60.24461249813106,1011.0950432769177,2.067653213937108,0,Ayacucho
2024-04-09 18:56:45.972975,22.83576595770232,1.421014816163692,63.83817135943177,1010.5267134852095,1.0807309504282678,0,Ayacucho
2024-04-08 18:56:45.972976,21.334765110825884,1.2588807981378018,52.96485492347772,1004.6191343596637,3.144493655008703,0,Ayacucho
2024-04-07 18:56:45.972977,19.19528978094863,3.7199342553251045,63.23618487645384,1015.3772521834542,1.8983027175011815,0,Ayacucho
2024-04-06 18:56:45.972978,21.93808862802426,0.2308056350896385,73.65159813869454,1005.9897557160016,0.36932450224062413,0,Ayacucho
2024-04-05 18:56:45.972979,19.751028383286954,1.0812431431392366,73.76772740492714,1012.9422412303426,2.868485222787851,0,Ayacucho
2024-04-04 18:56:45.972981,22.897549284673396,0.595977904772126,51.70411232955504,1005.63658300266,0.4527270054646536,0,Ayacucho
2024-04-03 18:56:45.972982,24.07155214199993,0.014440264878866642,44.08483142135243,1010.7217013852975,0.702579034286664,0,Ayacucho
2024-04-02 18:56:45.972982,22.306689663702972,0.48358392554439295,55.09022089479965,1008.7969985045988,12.279580118777108,0,Ayacucho
2024-04-01 18:56:45.972983,20.50445912774162,0.46763477196157865,62.51617165113441,1006.2621259379492,6.5255289888393815,0,Ayacucho
2024-03-31 18:56:45.972984,13.417444983303627,7.643256408109332,78.95380335330293,1012.3558007899503,5.613147124924087,0,Ayacucho
2024-03-30 18:56:45.972985,20.448119957784023,42.83226073933514,82.93895322645383,1008.8938393156961,1.2703283077573733,1,Ayacucho
2024-03-29 18:56:45.972986,20.504604976494946,5.827970166451241,85.35625900913664,1015.5928507880476,10.242572596275906,0,Ayacucho
2024-03-28 18:56:45.972987,21.78861427057332,6.559860282023813,77.36541959109496,1012.251304261027,2.0231144573100295,0,Ayacucho
2024-03-27 18:56:45.972988,17.143319955969023,19.242407355138063,75.77973923068626,1003.1394251470041,1.3754679120103357,0,Ayacucho
2024-03-26 18:56:45.972989,19.675639140050144,8.998294127902623,90.22713312199714,1007.4605550061615,2.9651841593771247,0,Ayacucho
2024-03-25 18:56:45.972990,16.608481266836826,38.673798668849415,81.27827206938653,1010.6175805247123,6.32853268707145,1,Ayacucho
2024-03-24 18:56:45.972991,18.744202236628873,12.903649203243194,71.79824877609454,1005.2736446770665,0.04991615631518527,0,Ayacucho
2024-03-23 18:56:45.972991,20.40413908413975,2.272565163819138,74.57831173579318,1003.6864112474217,0.5601676864194695,0,Ayacucho
2024-03-22 18:56:45.972992,15.939039692317037,7.596509666012562,82.76868398410927,1013.8028935108557,0.3382372056197759,0,Ayacucho
2024-03-21 18:56:45.972993,18.464193913365225,7.30044698606824,100.87298886559839,1008.0619816007926,1.6065836223972005,0,Ayacucho
2024-03-20 18:56:45.972994,18.38918636008048,22.29842080339617,81.87221977999032,1010.6263779801159,0.016209630394020156,0,Ayacucho
2024-03-19 18:56:45.972995,20.673882725576156,0.511905521843771,92.92573755318422,1009.629960208623,0.24853457045334867,0,Ayacucho
2024-03-18 18:56:45.972996,22.03659358372102,11.226319969093684,75.6582138737295,1010.5414478450934,3.0147563305778973,0,Ayacucho
2024-03-17 18:56:45.972997,12.150203970939817,4.517375206432676,69.05854292314802,1008.9942178686413,5.420175872532332,0,Ayacucho
2024-03-16 18:56:45.972998,16.956382618647293,1.9292224288517366,86.82886789397526,1007.0682046026367,2.9171520800039548,0,Ayacucho
2024-03-15 18:56:45.972999,15.485257195874766,16.56085551607746,66.46499266969249,1022.7726312611634,0.42412383213410026,0,Ayacucho
2024-03-14 18:56:45.973000,17.600955231065754,20.68296953364569,93.74582503258445,1004.055657501941,7.288596393561944,0,Ayacucho
2024-03-13 18:56:45.973000,14.51262906758564,5.419916852362982,61.95596235600889,1019.5647052878908,2.7262854898281685,0,Ayacucho
2024-03-12 18:56:45.973001,17.579716827582477,2.2071039460541346,76.18827394122276,1011.4481845053884,5.755643430182919,0,Ayacucho
2024-03-11 18:56:45.973002,21.315756255800878,0.8777827642180112,103.12999915166631,1007.3182149906941,1.7261406051891548,0,Ayacucho
2024-03-10 18:56:45.973003,13.078829814895943,19.94138598848934,73.20047559871011,1002.4183165269958,1.7058227276541063,0,Ayacucho
2024-03-09 18:56:45.973004,17.11318077962843,30.40475053439916,82.51590363477094,1017.5409361630661,3.3871880736694955,1,Ayacucho
2024-03-08 18:56:45.973005,14.995793159003483,7.910261960474768,91.2993378783699,1009.3125314165204,0.6300762474947369,0,Ayacucho
2024-03-07 18:56:45.973006,23.262506895223517,20.349940996165568,65.12738155200016,1011.6058925264201,5.787052721662839,0,Ayacucho
2024-03-06 18:56:45.973007,20.85595937902549,22.889192720187673,75.50913032488,1013.1812230845986,1.5538219076481767,0,Ayacucho
2024-03-05 18:56:45.973008,19.504800058600463,24.572602981648306,74.23590470774735,1013.4103746362342,1.125470417958584,0,Ayacucho
2024-03-04 18:56:45.973009,15.964922613230499,38.91532523456201,69.95790801001347,1013.5622326848545,0.3115566371111882,1,Ayacucho
2024-03-03 18:56:45.973009,19.096108265465688,8.039791504053841,84.15181309748685,1009.2154722135854,0.735584132287604,0,Ayacucho
2024-03-02 18:56:45.973010,18.21066090581183,6.411099607086796,88.63805056775617,1014.4661139242008,4.494942978597293,0,Ayacucho
2024-03-01 18:56:45.973011,20.627340246895855,0.31969076073040825,100.59078883129324,999.0650360082682,2.186669857660183,0,Ayacucho
2024-02-29 18:56:45.973012,20.238010130152542,6.102809051746815,70.78658657863973,1005.1093230340758,5.409314305456036,0,Ayacucho
2024-02-28 18:56:45.973013,21.056611041271125,2.455918219978046,92.7690910153353,1011.4782300489762,4.393710485074137,0,Ayacucho
2024-02-27 18:56:45.973014,20.314207655176116,16.598264216931614,71.79704223495698,1010.6981794258119,3.9528078117512884,0,Ayacucho
2024-02-26 18:56:45.973015,20.280758239534023,7.782764967953965,86.79368699757848,1005.112963911863,0.2973613845238677,0,Ayacucho
2024-02-25 18:56:45.973016,15.65226527747479,26.56485028053913,74.25245119912861,1002.7488711308115,0.2884679371305898,1,Ayacucho
2024-02-24 18:56:45.973017,16.744247411451283,25.84783202794233,67.48752904074156,1008.4590583041531,1.6766046286735217,1,Ayacucho
2024-02-23 18:56:45.973018,19.17639958860097,24.542429891515585,69.78163125851933,1008.3160813957803,1.0044830665833226,0,Ayacucho
2024-02-22 18:56:45.973018,18.107246011823463,25.58876130265949,73.98702625687953,1014.3261778106739,0.5595844273019122,1,Ayacucho
2024-02-21 18:56:45.973019,19.875234469960265,8.383876433179497,68.83859738704811,1006.6573587360474,0.6324310060592834,0,Ayacucho
2024-02-20 18:56:45.973023,16.371536204200527,1.8920381719318518,84.67020247158578,1015.9993123874603,0.12881208174890094,0,Ayacucho
2024-02-19 18:56:45.973024,16.03204566219331,5.803617802322878,68.4971237894732,1014.3624225702143,2.145017729838613,0,Ayacucho
2024-02-18 18:56:45.973025,16.257693927189447,1.3978955977142808,85.89476963069556,1013.2168065108482,2.2278991313882774,0,Ayacucho
2024-02-17 18:56:45.973026,21.049248100715893,3.628407469331203,89.39347449234207,999.9537938143332,6.592901727495979,0,Ayacucho
2024-02-16 18:56:45.973027,15.207221492188566,74.30903586261965,79.7631386512938,1010.1217584620632,0.40834221860958664,1,Ayacucho
2024-02-15 18:56:45.973028,16.439695930851506,18.477073837619834,67.74747585619996,1007.8366531898538,6.54257264631425,0,Ayacucho
2024-02-14 18:56:45.973029,20.12693129290416,5.714848199106563,55.92460202213112,1004.2541008437117,0.8164563740729734,0,Ayacucho
2024-02-13 18:56:45.973030,19.016674297369892,6.939740224655067,77.39123928084325,1014.4684822534347,2.052386833948929,0,Ayacucho
2024-02-12 18:56:45.973031,13.430086335273767,6.480403468893223,72.38814730644046,1010.076791842198,3.4345886245061656,0,Ayacucho
2024-02-11 18:56:45.973031,19.526830038473626,4.376257422104608,65.511004487388,1006.350673703626,2.0075821095967354,0,Ayacucho
2024-02-10 18:56:45.973032,14.455428631731216,10.382275755883256,75.51883814168978,1012.3138395479101,2.2548248575436984,0,Ayacucho
2024-02-09 18:56:45.973033,17.961721030851347,7.8660117087981245,76.74479789747052,1003.7826384157501,1.4112512888356876,0,Ayacucho
2024-02-08 18:56:45.973034,13.994497720856756,20.61603000498722,86.11683266785415,1016.3154984150573,0.24315162810332047,0,Ayacucho
2024-02-07 18:56:45.973035,21.28708603712738,1.0064693584949143,77.99692653984913,1005.2519224140733,2.294062474762523,0,Ayacucho
2024-02-06 18:56:45.973036,24.672965099536547,15.646489822931887,84.04883396765679,1012.247739155205,7.074272018080855,0,Ayacucho
2024-02-05 18:56:45.973037,14.780507267364545,8.449274776701616,74.70631770830221,1009.1710451741721,0.4697230581881636,0,Ayacucho
2024-02-04 18:56:45.973038,15.70396377401744,11.158497266268297,63.66358187909092,1002.673988455147,1.2122853798193272,0,Ayacucho
2024-02-03 18:56:45.973039,15.309154625008233,2.9083324961839745,69.53033372589766,1006.5795276846109,0.3314759537559092,0,Ayacucho
2024-02-02 18:56:45.973040,19.879683599219163,10.779178247274018,64.16551237302787,1013.1130660265436,2.5849112267799255,0,Ayacucho
2024-02-01 18:56:45.973041,14.09433391515404,6.945754374514473,81.51350451903441,1010.2717766181598,0.6270942630102171,0,Ayacucho
2024-01-31 18:56:45.973041,15.740556576252299,10.42043223468154,77.7639680557439,1005.8919265013413,1.771358434648532,0,Ayacucho
2024-01-30 18:56:45.973042,19.043496954909912,22.877225158600467,58.77210277447025,1004.713404681382,3.988295830546871,0,Ayacucho
2024-01-29 18:56:45.973043,18.150384170925697,6.213175160958989,71.91962180784546,1011.0978468376986,0.1675849241453462,0,Ayacucho
2024-01-28 18:56:45.973044,17.954372876429968,61.89750195987053,92.25926681680038,1014.9319860641621,0.539557835538582,1,Ayacucho
2024-01-27 18:56:45.973045,18.053712285233427,51.10411586753265,80.0560564916185,1009.2152902901327,2.8197865746528934,1,Ayacucho
2024-01-26 18:56:45.973046,18.284256694697508,3.995915933482699,80.02902145211533,1021.0640248909328,6.050651125977695,0,Ayacucho
2024-01-25 18:56:45.973047,21.099295637351243,5.09349277276826,84.49431627450059,1001.7584877560978,8.911051456240678,0,Ayacucho
2024-01-24 18:56:45.973048,13.0223621152589,14.096392973969008,55.97052215481133,1006.4480498593936,0.30166701673373875,0,Ayacucho
2024-01-23 18:56:45.973049,17.50689199387714,47.78623001738384,66.63202577925986,1010.7819774832944,2.1425782852246504,1,Ayacucho
2024-01-22 18:56:45.973050,22.697801087770173,26.954769187840377,96.33018720332356,1011.0927108236799,3.8314075530849037,1,Ayacucho
2024-01-21 18:56:45.973050,17.20558917559032,20.239431851147966,63.57319862562123,1004.6031246708563,2.6100698656404253,0,Ayacucho
2024-01-20 18:56:45.973051,18.4270504801755,5.388909912718421,89.53685487907687,1006.0437539740545,3.078801342795308,0,Ayacucho
2024-01-19 18:56:45.973052,18.881811014801432,3.8400125873596744,75.36291168258134,1012.7714340974236,0.5929091960144024,0,Ayacucho
2024-01-18 18:56:45.973053,21.397647877357542,13.645134703514495,62.42021883896652,1006.6786862140386,3.36338140348601,0,Ayacucho
2024-01-17 18:56:45.973054,17.67417923391223,2.1443106934156337,65.6707415097001,1010.0186829868132,7.795248307153766,0,Ayacucho
2024-01-16 18:56:45.973055,16.464464589713522,7.586028099258211,91.52613063303899,1011.290914229177,6.18135417467564,0,Ayacucho
2024-01-15 18:56:45.973057,16.6574524260105,10.340524926670737,81.70597014828826,1008.2770575220807,8.079782484332675,0,Ayacucho
2024-01-14 18:56:45.973058,16.181056540857107,32.8133371099984,82.31763785011248,1017.483406709519,4.764367436558113,1,Ayacucho
2024-01-13 18:56:45.973059,16.5595032105809,1.2715852518065265,67.5662878749171,1008.9401354123922,1.0268010793213314,0,Ayacucho
2024-01-12 18:56:45.973060,18.39315339444039,4.5963322963230056,98.93075251354796,1010.2093634402133,0.07728254965361936,0,Ayacucho
2024-01-11 18:56:45.973061,17.086707362270644,7.441906612556401,68.193716287014,1009.630557874128,3.4811700758470643,0,Ayacucho
2024-01-10 18:56:45.973062,11.928121513387607,11.980802513210117,69.67003750755063,1018.7780486243531,0.6580535631770769,0,Ayacucho
2024-01-09 18:56:45.973063,17.72965293194409,43.53250639262822,73.15629399114283,1000.3765432565734,4.733485619340655,1,Ayacucho
2024-01-08 18:56:45.973064,11.970317099887252,5.481764346170699,79.65557823316514,1011.8541600220135,3.1176529360229885,0,Ayacucho
2024-01-07 18:56:45.973065,21.349080706200596,21.23344340087005,65.79315040475765,1005.1199131909098,1.7101462875343443,0,Ayacucho
2024-01-06 18:56:45.973066,16.519305478272035,12.22298422221722,84.90629133581766,1010.2735110428451,0.359146604044976,0,Ayacucho
2024-01-05 18:56:45.973066,16.438191711062288,1.886825169382704,87.57407275216698,1009.4349835478508,0.07785539211977757,0,Ayacucho
2024-01-04 18:56:45.973067,19.908886151269577,0.12335149801228973,61.11404618015509,1006.3686475518621,3.8675826543336704,0,Ayacucho
2024-01-03 18:56:45.973068,20.486049519205583,4.501057590241066,82.43298691996236,1012.4213939962921,2.1681182664466307,0,Ayacucho
2024-01-02 18:56:45.973069,13.130898304539713,0.6571021808695277,84.80942300935716,1007.9230368875159,1.288960841829323,0,Ayacucho
2024-01-01 18:56:45.973070,19.363422089588365,66.8544530496124,81.1848517360143,1015.7666014845059,1.8781399141368993,1,Ayacucho
2023-12-31 18:56:45.973071,22.71773457458915,6.402396320506218,70.81133773754074,1016.7184180318928,5.863665639446292,0,Ayacucho
2023-12-30 18:56:45.973072,18.671234259597778,1.4393158502959542,93.3817017281772,1006.4406739008896,6.982956866825791,0,Ayacucho
2023-12-29 18:56:45.973073,17.390346004006318,55.24179827182118,79.98080156005673,1010.8473545838642,0.13242941444851866,1,Ayacucho
2023-12-28 18:56:45.973074,17.65790726614308,37.78419898222558,86.99945411973034,1010.0353443185843,1.7482539349236474,1,Ayacucho
2023-12-27 18:56:45.973075,21.12531727290896,6.765420678357521,82.70257139472271,1004.4045083318962,4.669319307243835,0,Ayacucho
2023-12-26 18:56:45.973076,17.452676630588357,9.434034325764458,80.34188286364278,1008.034821429874,3.44951707972538,0,Ayacucho
2023-12-25 18:56:45.973076,14.305400175145197,4.641912393370089,78.02818132909128,1012.7584399491452,2.386198013122742,0,Ayacucho
2023-12-24 18:56:45.973077,20.486527792783136,15.049203516826367,73.9629569038907,1011.2813061468297,5.051315825870079,0,Ayacucho
2023-12-23 18:56:45.973078,16.2993951445381,1.055624190843213,77.07685999951485,1014.5787083616003,3.514494535221618,0,Ayacucho
2023-12-22 18:56:45.973079,19.610201679334274,13.406670440944742,91.79068185416199,1010.2241654359468,6.0941901910676375,0,Ayacucho
2023-12-21 18:56:45.973080,15.385895845020405,15.984516977150507,67.29911630623955,1016.403439786252,5.281859276137492,0,Ayacucho
2023-12-20 18:56:45.973081,18.661832527468874,20.533919353096504,87.18651466330337,1008.034779678561,1.5800628462884911,0,Ayacucho
2023-12-19 18:56:45.973082,17.321574304929733,0.4791713790920795,72.2355752070069,1012.584513852235,0.17007285309350215,0,Ayacucho
2023-12-18 18:56:45.973083,19.08797980111712,2.7652546352611207,63.176915558063456,1011.9143730100836,3.887060166315618,0,Ayacucho
2023-12-17 18:56:45.973084,15.261096000948042,5.653368029450732,84.51302346575778,1007.7956827212371,0.6950150819676256,0,Ayacucho
2023-12-16 18:56:45.973085,17.040962731689262,49.556421792968536,69.606144004533,1011.6477791710654,0.8045308266577328,1,Ayacucho
2023-12-15 18:56:45.973085,14.566535311554969,16.52332680515434,79.49937489152794,1009.7412565693328,6.418598741842741,0,Ayacucho
2023-12-14 18:56:45.973086,18.01673338176354,18.16435781081857,85.58551124857908,1010.431827331743,2.0388678271310514,0,Ayacucho
2023-12-13 18:56:45.973087,21.168491678587777,23.59572389713723,76.8248101769076,1007.3327559429943,12.32786850912999,0,Ayacucho
2023-12-12 18:56:45.973088,19.918522523969514,19.912711488596486,65.74662424578887,1010.8901146668771,1.4509967128869747,0,Ayacucho
2023-12-11 18:56:45.973089,11.24303059845021,15.178731167801358,100.1192596902893,1015.2388448141522,1.9052166821504128,0,Ayacucho
2023-12-10 18:56:45.973090,20.106584578968782,3.318673549860448,74.18711142945826,1005.0416388322141,0.11479949980255909,0,Ayacucho
2023-12-09 18:56:45.973091,19.893004216060813,11.68411177579874,69.51505526807556,1005.2147214416368,3.388019885147295,0,Ayacucho
2023-12-08 18:56:45.973092,14.374934664759802,12.818974560872011,72.10704577431251,1005.2766751747806,2.7588946458206736,0,Ayacucho
2023-12-07 18:56:45.973093,20.49832682095129,12.628011600740564,83.40346034922547,1010.3345685919195,1.1098259312556293,0,Ayacucho
2023-12-06 18:56:45.973094,15.633806325160725,12.92870751156724,70.60297783737585,1020.144164485818,7.745482656711891,0,Ayacucho
2023-12-05 18:56:45.973094,23.375228299794493,19.106800046574346,78.95227647485363,1013.7698072919352,0.14890515884245203,0,Ayacucho
2023-12-04 18:56:45.973095,17.54807498659217,18.793195889124945,72.78819584682485,1013.4935513696441,1.429885163234745,0,Ayacucho
2023-12-03 18:56:45.973096,22.043952920410096,3.4502529241464712,89.74462856690239,1014.7333787346678,5.162109625166904,0,Ayacucho
2023-12-02 18:56:45.973097,19.124654167118535,7.464478992372576,86.92781367767549,1005.4794899556433,0.8119067989280102,0,Ayacucho
2023-12-01 18:56:45.973098,18.462765976696243,16.6796408987062,64.69339238089815,1012.4793800204784,4.805842523776631,0,Ayacucho
2023-11-30 18:56:45.973099,19.2850988060115,27.80353692387989,74.70074987858234,1013.6079121012953,1.2715807056591022,1,Ayacucho
2023-11-29 18:56:45.973100,18.965790234646086,4.110341789991911,83.8657555644498,1012.0277067830132,9.777411052669615,0,Ayacucho
2023-11-28 18:56:45.973101,19.48166917212105,1.0805719246545975,77.40634745541117,1006.121943277669,1.1321604873961708,0,Ayacucho
2023-11-27 18:56:45.973103,23.534823428194798,11.715802871881085,72.51170035057086,1011.2176539311715,0.4749763715604166,0,Ayacucho
2023-11-26 18:56:45.973104,16.38003517521915,4.073194396564334,86.12850768447359,1006.7292054912912,5.8175143939278,0,Ayacucho
2023-11-25 18:56:45.973105,12.221944675842934,8.413084340996562,71.0746854344728,1012.0549439421088,3.0809547697971498,0,Ayacucho
2023-11-24 18:56:45.973106,19.99099040650717,26.773368242369145,64.46304344236569,1013.722462483038,5.518124400689707,1,Ayacucho
2023-11-23 18:56:45.973107,15.526215355628677,2.746823747709193,75.86930526092385,1003.7842504159249,0.8651488440700342,0,Ayacucho
2023-11-22 18:56:45.973108,19.659854440460993,11.639791310238238,60.3460816690687,1009.1429757887378,3.1482005710712966,0,Ayacucho
2023-11-21 18:56:45.973109,14.496523980313752,24.825449648441747,70.57450366202039,1007.2371434009904,3.9743574592791693,0,Ayacucho
2023-11-20 18:56:45.973110,19.536634700873485,56.47530414219477,60.73774148886592,1008.301697066511,1.1855294436264092,1,Ayacucho
